codigo_ibge,municipio,renda_mediana_per_capita
1100015,Alta Floresta D'Oeste - RO,920.0
1100023,Ariquemes - RO,1066.67
1100031,Cabixi - RO,1033.33
1100049,Cacoal - RO,1200.0
1100056,Cerejeiras - RO,1200.0
1100064,Colorado do Oeste - RO,1200.0
1100072,Corumbiara - RO,981.0
1100080,Costa Marques - RO,775.0
1100098,Espigão D'Oeste - RO,1080.0
1100106,Guajará-Mirim - RO,583.33
1100114,Jaru - RO,1053.0
1100122,Ji-Paraná - RO,1062.4
1100130,Machadinho D'Oeste - RO,819.33
1100148,Nova Brasilândia D'Oeste - RO,750.0
1100155,Ouro Preto do Oeste - RO,1000.0
1100189,Pimenta Bueno - RO,1066.67
1100205,Porto Velho - RO,866.67
1100254,Presidente Médici - RO,875.0
1100262,Rio Crespo - RO,909.0
1100288,Rolim de Moura - RO,1125.0
1100296,Santa Luzia D'Oeste - RO,906.0
1100304,Vilhena - RO,1212.0
1100320,São Miguel do Guaporé - RO,990.0
1100338,Nova Mamoré - RO,866.67
1100346,Alvorada D'Oeste - RO,850.0
1100379,Alto Alegre dos Parecis - RO,840.0
1100403,Alto Paraíso - RO,875.0
1100452,Buritis - RO,1000.0
1100502,Novo Horizonte do Oeste - RO,808.0
1100601,Cacaulândia - RO,900.0
1100700,Campo Novo de Rondônia - RO,731.0
1100809,Candeias do Jamari - RO,680.0
1100908,Castanheiras - RO,998.5
1100924,Chupinguaia - RO,1000.0
1100940,Cujubim - RO,800.0
1101005,Governador Jorge Teixeira - RO,704.0
1101104,Itapuã do Oeste - RO,775.0
1101203,Ministro Andreazza - RO,925.0
1101302,Mirante da Serra - RO,857.5
1101401,Monte Negro - RO,906.0
1101435,Nova União - RO,700.0
1101450,Parecis - RO,800.0
1101468,Pimenteiras do Oeste - RO,666.67
1101476,Primavera de Rondônia - RO,725.0
1101484,São Felipe D'Oeste - RO,1102.4
1101492,São Francisco do Guaporé - RO,980.0
1101500,Seringueiras - RO,742.4
1101559,Teixeirópolis - RO,904.0
1101609,Theobroma - RO,800.0
1101708,Urupá - RO,875.0
1101757,Vale do Anari - RO,808.0
1101807,Vale do Paraíso - RO,906.0
1200013,Acrelândia - AC,650.0
1200054,Assis Brasil - AC,492.67
1200104,Brasiléia - AC,606.0
1200138,Bujari - AC,453.0
1200179,Capixaba - AC,600.0
1200203,Cruzeiro do Sul - AC,600.0
1200252,Epitaciolândia - AC,670.67
1200302,Feijó - AC,400.0
1200328,Jordão - AC,300.0
1200336,Mâncio Lima - AC,453.0
1200344,Manoel Urbano - AC,433.33
1200351,Marechal Thaumaturgo - AC,337.5
1200385,Plácido de Castro - AC,633.33
1200393,Porto Walter - AC,400.0
1200401,Rio Branco - AC,833.33
1200427,Rodrigues Alves - AC,400.0
1200435,Santa Rosa do Purus - AC,266.67
1200450,Senador Guiomard - AC,681.0
1200500,Sena Madureira - AC,500.0
1200609,Tarauacá - AC,303.0
1200708,Xapuri - AC,606.0
1200807,Porto Acre - AC,533.33
1300029,Alvarães - AM,385.71
1300060,Amaturá - AM,330.29
1300086,Anamã - AM,402.4
1300102,Anori - AM,442.4
1300144,Apuí - AM,685.71
1300201,Atalaia do Norte - AM,285.0
1300300,Autazes - AM,450.0
1300409,Barcelos - AM,379.11
1300508,Barreirinha - AM,364.0
1300607,Benjamin Constant - AM,320.0
1300631,Beruri - AM,347.67
1300680,Boa Vista do Ramos - AM,382.4
1300706,Boca do Acre - AM,444.44
1300805,Borba - AM,381.82
1300839,Caapiranga - AM,314.29
1300904,Canutama - AM,416.0
1301001,Carauari - AM,400.0
1301100,Careiro - AM,500.0
1301159,Careiro da Várzea - AM,450.0
1301209,Coari - AM,375.0
1301308,Codajás - AM,400.0
1301407,Eirunepé - AM,400.0
1301506,Envira - AM,403.0
1301605,Fonte Boa - AM,465.38
1301654,Guajará - AM,450.0
1301704,Humaitá - AM,566.67
1301803,Ipixuna - AM,333.77
1301852,Iranduba - AM,600.0
1301902,Itacoatiara - AM,487.5
1301951,Itamarati - AM,320.0
1302009,Itapiranga - AM,473.14
1302108,Japurá - AM,532.0
1302207,Juruá - AM,356.89
1302306,Jutaí - AM,372.4
1302405,Lábrea - AM,407.5
1302504,Manacapuru - AM,460.0
1302553,Manaquiri - AM,350.0
1302603,Manaus - AM,686.0
1302702,Manicoré - AM,433.33
1302801,Maraã - AM,328.57
1302900,Maués - AM,325.0
1303007,Nhamundá - AM,400.0
1303106,Nova Olinda do Norte - AM,416.67
1303205,Novo Airão - AM,452.0
1303304,Novo Aripuanã - AM,450.0
1303403,Parintins - AM,500.0
1303502,Pauini - AM,300.0
1303536,Presidente Figueiredo - AM,666.67
1303569,Rio Preto da Eva - AM,563.57
1303601,Santa Isabel do Rio Negro - AM,320.0
1303700,Santo Antônio do Içá - AM,310.0
1303809,São Gabriel da Cachoeira - AM,327.27
1303908,São Paulo de Olivença - AM,266.67
1303957,São Sebastião do Uatumã - AM,462.4
1304005,Silves - AM,400.0
1304062,Tabatinga - AM,411.11
1304104,Tapauá - AM,362.4
1304203,Tefé - AM,475.0
1304237,Tonantins - AM,311.11
1304260,Uarini - AM,375.0
1304302,Urucará - AM,504.8
1304401,Urucurituba - AM,450.0
1400027,Amajari - RR,278.0
1400050,Alto Alegre - RR,160.0
1400100,Boa Vista - RR,800.0
1400159,Bonfim - RR,380.0
1400175,Cantá - RR,500.0
1400209,Caracaraí - RR,482.4
1400233,Caroebe - RR,606.0
1400282,Iracema - RR,600.0
1400308,Mucajaí - RR,600.0
1400407,Normandia - RR,300.0
1400456,Pacaraima - RR,318.18
1400472,Rorainópolis - RR,600.0
1400506,São João da Baliza - RR,610.0
1400605,São Luiz do Anauá - RR,537.33
1400704,Uiramutã - RR,171.43
1500107,Abaetetuba - PA,537.33
1500131,Abel Figueiredo - PA,628.0
1500206,Acará - PA,375.0
1500305,Afuá - PA,333.33
1500347,Água Azul do Norte - PA,756.0
1500404,Alenquer - PA,400.0
1500503,Almeirim - PA,487.5
1500602,Altamira - PA,808.0
1500701,Anajás - PA,305.0
1500800,Ananindeua - PA,806.0
1500859,Anapu - PA,500.0
1500909,Augusto Corrêa - PA,300.0
1500958,Aurora do Pará - PA,403.0
1501006,Aveiro - PA,303.0
1501105,Bagre - PA,233.33
1501204,Baião - PA,316.0
1501253,Bannach - PA,666.67
1501303,Barcarena - PA,666.67
1501402,Belém - PA,842.4
1501451,Belterra - PA,500.0
1501501,Benevides - PA,606.0
1501576,Bom Jesus do Tocantins - PA,684.8
1501600,Bonito - PA,550.0
1501709,Bragança - PA,529.5
1501725,Brasil Novo - PA,546.29
1501758,Brejo Grande do Araguaia - PA,575.0
1501782,Breu Branco - PA,533.33
1501808,Breves - PA,375.0
1501907,Bujaru - PA,387.5
1501956,Cachoeira do Piriá - PA,400.0
1502004,Cachoeira do Arari - PA,349.0
1502103,Cametá - PA,400.0
1502152,Canaã dos Carajás - PA,940.0
1502202,Capanema - PA,670.67
1502301,Capitão Poço - PA,525.0
1502400,Castanhal - PA,670.67
1502509,Chaves - PA,366.67
1502608,Colares - PA,404.0
1502707,Conceição do Araguaia - PA,714.29
1502756,Concórdia do Pará - PA,516.67
1502764,Cumaru do Norte - PA,680.0
1502772,Curionópolis - PA,750.0
1502806,Curralinho - PA,262.5
1502855,Curuá - PA,394.17
1502905,Curuçá - PA,400.0
1502939,Dom Eliseu - PA,604.0
1502954,Eldorado do Carajás - PA,600.0
1503002,Faro - PA,450.0
1503044,Floresta do Araguaia - PA,592.4
1503077,Garrafão do Norte - PA,425.0
1503093,Goianésia do Pará - PA,600.0
1503101,Gurupá - PA,420.4
1503200,Igarapé-Açu - PA,500.0
1503309,Igarapé-Miri - PA,433.33
1503408,Inhangapi - PA,500.0
1503457,Ipixuna do Pará - PA,403.0
1503507,Irituia - PA,450.0
1503606,Itaituba - PA,800.0
1503705,Itupiranga - PA,489.0
1503754,Jacareacanga - PA,470.0
1503804,Jacundá - PA,650.0
1503903,Juruti - PA,414.29
1504000,Limoeiro do Ajuru - PA,300.0
1504059,Mãe do Rio - PA,550.0
1504109,Magalhães Barata - PA,404.0
1504208,Marabá - PA,737.33
1504307,Maracanã - PA,440.0
1504406,Marapanim - PA,400.0
1504422,Marituba - PA,625.0
1504455,Medicilândia - PA,538.0
1504505,Melgaço - PA,250.0
1504604,Mocajuba - PA,450.0
1504703,Moju - PA,468.67
1504752,Mojuí dos Campos - PA,568.67
1504802,Monte Alegre - PA,450.0
1504901,Muaná - PA,350.0
1504950,Nova Esperança do Piriá - PA,350.0
1504976,Nova Ipixuna - PA,575.0
1505007,Nova Timboteua - PA,466.67
1505031,Novo Progresso - PA,1000.0
1505064,Novo Repartimento - PA,525.0
1505106,Óbidos - PA,404.0
1505205,Oeiras do Pará - PA,301.09
1505304,Oriximiná - PA,453.0
1505403,Ourém - PA,433.33
1505437,Ourilândia do Norte - PA,625.0
1505486,Pacajá - PA,483.33
1505494,Palestina do Pará - PA,606.0
1505502,Paragominas - PA,672.5
1505536,Parauapebas - PA,875.0
1505551,Pau D'Arco - PA,680.0
1505601,Peixe-Boi - PA,537.33
1505635,Piçarra - PA,660.0
1505650,Placas - PA,500.0
1505700,Ponta de Pedras - PA,362.4
1505809,Portel - PA,316.0
1505908,Porto de Moz - PA,316.0
1506005,Prainha - PA,302.0
1506104,Primavera - PA,450.0
1506112,Quatipuru - PA,471.75
1506138,Redenção - PA,896.0
1506161,Rio Maria - PA,700.0
1506187,Rondon do Pará - PA,650.0
1506195,Rurópolis - PA,561.2
1506203,Salinópolis - PA,606.0
1506302,Salvaterra - PA,403.0
1506351,Santa Bárbara do Pará - PA,600.0
1506401,Santa Cruz do Arari - PA,406.75
1506500,Santa Izabel do Pará - PA,616.67
1506559,Santa Luzia do Pará - PA,470.67
1506583,Santa Maria das Barreiras - PA,804.0
1506609,Santa Maria do Pará - PA,597.33
1506708,Santana do Araguaia - PA,800.0
1506807,Santarém - PA,633.33
1506906,Santarém Novo - PA,537.33
1507003,Santo Antônio do Tauá - PA,500.0
1507102,São Caetano de Odivelas - PA,400.0
1507151,São Domingos do Araguaia - PA,600.0
1507201,São Domingos do Capim - PA,362.4
1507300,São Félix do Xingu - PA,740.0
1507409,São Francisco do Pará - PA,501.5
1507458,São Geraldo do Araguaia - PA,606.0
1507466,São João da Ponta - PA,403.0
1507474,São João de Pirabas - PA,428.0
1507508,São João do Araguaia - PA,480.0
1507607,São Miguel do Guamá - PA,520.0
1507706,São Sebastião da Boa Vista - PA,366.67
1507755,Sapucaia - PA,600.0
1507805,Senador José Porfírio - PA,428.57
1507904,Soure - PA,487.43
1507953,Tailândia - PA,600.0
1507961,Terra Alta - PA,487.5
1507979,Terra Santa - PA,516.67
1508001,Tomé-Açu - PA,516.67
1508035,Tracuateua - PA,395.0
1508050,Trairão - PA,718.67
1508084,Tucumã - PA,800.0
1508100,Tucuruí - PA,704.0
1508126,Ulianópolis - PA,562.4
1508159,Uruará - PA,606.0
1508209,Vigia - PA,542.4
1508308,Viseu - PA,341.67
1508357,Vitória do Xingu - PA,606.0
1508407,Xinguara - PA,808.0
1600055,Serra do Navio - AP,810.33
1600105,Amapá - AP,537.33
1600154,Pedra Branca do Amapari - AP,633.33
1600204,Calçoene - AP,562.5
1600212,Cutias - AP,425.0
1600238,Ferreira Gomes - AP,475.0
1600253,Itaubal - AP,450.0
1600279,Laranjal do Jari - AP,560.0
1600303,Macapá - AP,744.8
1600402,Mazagão - AP,400.0
1600501,Oiapoque - AP,544.57
1600535,Porto Grande - AP,566.25
1600550,Pracuúba - AP,403.0
1600600,Santana - AP,687.5
1600709,Tartarugalzinho - AP,400.0
1600808,Vitória do Jari - AP,447.5
1700251,Abreulândia - TO,800.0
1700301,Aguiarnópolis - TO,720.5
1700350,Aliança do Tocantins - TO,753.0
1700400,Almas - TO,720.0
1700707,Alvorada - TO,1028.0
1701002,Ananás - TO,666.5
1701051,Angico - TO,666.67
1701101,Aparecida do Rio Negro - TO,800.0
1701309,Aragominas - TO,678.0
1701903,Araguacema - TO,765.5
1702000,Araguaçu - TO,928.0
1702109,Araguaína - TO,956.0
1702158,Araguanã - TO,675.0
1702208,Araguatins - TO,606.0
1702307,Arapoema - TO,803.0
1702406,Arraias - TO,785.33
1702554,Augustinópolis - TO,606.0
1702703,Aurora do Tocantins - TO,696.0
1702901,Axixá do Tocantins - TO,535.33
1703008,Babaçulândia - TO,628.0
1703057,Bandeirantes do Tocantins - TO,875.25
1703073,Barra do Ouro - TO,600.0
1703107,Barrolândia - TO,828.0
1703206,Bernardo Sayão - TO,806.0
1703305,Bom Jesus do Tocantins - TO,733.33
1703602,Brasilândia do Tocantins - TO,724.8
1703701,Brejinho de Nazaré - TO,737.33
1703800,Buriti do Tocantins - TO,542.4
1703826,Cachoeirinha - TO,606.0
1703842,Campos Lindos - TO,607.0
1703867,Cariri do Tocantins - TO,969.6
1703883,Carmolândia - TO,733.33
1703891,Carrasco Bonito - TO,453.0
1703909,Caseara - TO,803.0
1704105,Centenário - TO,606.0
1704600,Chapada de Areia - TO,808.0
1705102,Chapada da Natividade - TO,604.0
1705508,Colinas do Tocantins - TO,942.4
1705557,Combinado - TO,804.0
1705607,Conceição do Tocantins - TO,702.4
1706001,Couto Magalhães - TO,606.0
1706100,Cristalândia - TO,950.0
1706258,Crixás do Tocantins - TO,866.67
1706506,Darcinópolis - TO,700.0
1707009,Dianópolis - TO,762.5
1707108,Divinópolis do Tocantins - TO,875.0
1707207,Dois Irmãos do Tocantins - TO,875.0
1707306,Dueré - TO,1000.0
1707405,Esperantina - TO,503.0
1707553,Fátima - TO,700.0
1707652,Figueirópolis - TO,893.0
1707702,Filadélfia - TO,660.0
1708205,Formoso do Araguaia - TO,808.0
1708254,Tabocão - TO,858.0
1708304,Goianorte - TO,808.0
1709005,Goiatins - TO,500.0
1709302,Guaraí - TO,900.0
1709500,Gurupi - TO,1166.67
1709807,Ipueiras - TO,718.0
1710508,Itacajá - TO,653.0
1710706,Itaguatins - TO,606.0
1710904,Itapiratins - TO,680.0
1711100,Itaporã do Tocantins - TO,833.33
1711506,Jaú do Tocantins - TO,850.0
1711803,Juarina - TO,606.0
1711902,Lagoa da Confusão - TO,802.0
1711951,Lagoa do Tocantins - TO,604.0
1712009,Lajeado - TO,800.0
1712157,Lavandeira - TO,670.67
1712405,Lizarda - TO,502.4
1712454,Luzinópolis - TO,500.0
1712504,Marianópolis do Tocantins - TO,950.0
1712702,Mateiros - TO,583.33
1712801,Maurilândia do Tocantins - TO,600.0
1713205,Miracema do Tocantins - TO,900.0
1713304,Miranorte - TO,900.0
1713601,Monte do Carmo - TO,666.67
1713700,Monte Santo do Tocantins - TO,733.33
1713809,Palmeiras do Tocantins - TO,606.0
1713957,Muricilândia - TO,727.2
1714203,Natividade - TO,808.0
1714302,Nazaré - TO,646.0
1714880,Nova Olinda - TO,728.0
1715002,Nova Rosalândia - TO,800.0
1715101,Novo Acordo - TO,606.0
1715150,Novo Alegre - TO,770.67
1715259,Novo Jardim - TO,737.33
1715507,Oliveira de Fátima - TO,760.0
1715705,Palmeirante - TO,633.33
1715754,Palmeirópolis - TO,909.0
1716109,Paraíso do Tocantins - TO,1056.89
1716208,Paranã - TO,666.67
1716307,Pau D'Arco - TO,644.8
1716505,Pedro Afonso - TO,982.0
1716604,Peixe - TO,800.0
1716653,Pequizeiro - TO,766.67
1716703,Colméia - TO,883.33
1717008,Pindorama do Tocantins - TO,606.0
1717206,Piraquê - TO,719.43
1717503,Pium - TO,800.0
1717800,Ponte Alta do Bom Jesus - TO,550.0
1717909,Ponte Alta do Tocantins - TO,606.0
1718006,Porto Alegre do Tocantins - TO,644.8
1718204,Porto Nacional - TO,909.0
1718303,Praia Norte - TO,566.67
1718402,Presidente Kennedy - TO,833.33
1718451,Pugmil - TO,806.0
1718501,Recursolândia - TO,484.8
1718550,Riachinho - TO,600.0
1718659,Rio da Conceição - TO,700.0
1718709,Rio dos Bois - TO,680.0
1718758,Rio Sono - TO,675.0
1718808,Sampaio - TO,600.0
1718840,Sandolândia - TO,760.2
1718865,Santa Fé do Araguaia - TO,756.0
1718881,Santa Maria do Tocantins - TO,757.5
1718899,Santa Rita do Tocantins - TO,906.0
1718907,Santa Rosa do Tocantins - TO,670.4
1719004,Santa Tereza do Tocantins - TO,689.33
1720002,Santa Terezinha do Tocantins - TO,600.0
1720101,São Bento do Tocantins - TO,606.0
1720150,São Félix do Tocantins - TO,850.0
1720200,São Miguel do Tocantins - TO,625.0
1720259,São Salvador do Tocantins - TO,606.0
1720309,São Sebastião do Tocantins - TO,606.0
1720499,São Valério - TO,808.0
1720655,Silvanópolis - TO,752.0
1720804,Sítio Novo do Tocantins - TO,604.0
1720853,Sucupira - TO,818.0
1720903,Taguatinga - TO,700.0
1720937,Taipas do Tocantins - TO,742.4
1720978,Talismã - TO,887.5
1721000,Palmas - TO,1266.67
1721109,Tocantínia - TO,514.29
1721208,Tocantinópolis - TO,625.0
1721257,Tupirama - TO,1000.0
1721307,Tupiratins - TO,750.0
1722081,Wanderlândia - TO,640.0
1722107,Xambioá - TO,753.0
2100055,Açailândia - MA,722.4
2100105,Afonso Cunha - MA,404.0
2100154,Água Doce do Maranhão - MA,440.0
2100204,Alcântara - MA,533.33
2100303,Aldeias Altas - MA,400.0
2100402,Altamira do Maranhão - MA,592.4
2100436,Alto Alegre do Maranhão - MA,500.0
2100477,Alto Alegre do Pindaré - MA,466.67
2100501,Alto Parnaíba - MA,576.57
2100550,Amapá do Maranhão - MA,400.0
2100600,Amarante do Maranhão - MA,400.0
2100709,Anajatuba - MA,500.0
2100808,Anapurus - MA,400.0
2100832,Apicum-Açu - MA,432.0
2100873,Araguanã - MA,433.33
2100907,Araioses - MA,324.0
2100956,Arame - MA,400.0
2101004,Arari - MA,550.0
2101103,Axixá - MA,500.0
2101202,Bacabal - MA,626.22
2101251,Bacabeira - MA,516.67
2101301,Bacuri - MA,404.0
2101350,Bacurituba - MA,500.0
2101400,Balsas - MA,800.0
2101509,Barão de Grajaú - MA,606.0
2101608,Barra do Corda - MA,600.0
2101707,Barreirinhas - MA,442.4
2101731,Belágua - MA,242.4
2101772,Bela Vista do Maranhão - MA,520.67
2101806,Benedito Leite - MA,566.67
2101905,Bequimão - MA,502.4
2101939,Bernardo do Mearim - MA,600.0
2101970,Boa Vista do Gurupi - MA,366.67
2102002,Bom Jardim - MA,400.0
2102036,Bom Jesus das Selvas - MA,500.0
2102077,Bom Lugar - MA,487.5
2102101,Brejo - MA,403.0
2102150,Brejo de Areia - MA,400.0
2102200,Buriti - MA,300.0
2102309,Buriti Bravo - MA,425.0
2102325,Buriticupu - MA,453.0
2102358,Buritirana - MA,537.33
2102374,Cachoeira Grande - MA,300.0
2102408,Cajapió - MA,322.4
2102507,Cajari - MA,400.0
2102556,Campestre do Maranhão - MA,650.0
2102606,Cândido Mendes - MA,450.0
2102705,Cantanhede - MA,467.71
2102754,Capinzal do Norte - MA,600.0
2102804,Carolina - MA,700.0
2102903,Carutapera - MA,500.0
2103000,Caxias - MA,570.67
2103109,Cedral - MA,453.0
2103125,Central do Maranhão - MA,400.0
2103158,Centro do Guilherme - MA,600.0
2103174,Centro Novo do Maranhão - MA,440.0
2103208,Chapadinha - MA,484.8
2103257,Cidelândia - MA,606.0
2103307,Codó - MA,502.4
2103406,Coelho Neto - MA,484.8
2103505,Colinas - MA,484.8
2103554,Conceição do Lago-Açu - MA,385.0
2103604,Coroatá - MA,450.0
2103703,Cururupu - MA,502.0
2103752,Davinópolis - MA,692.2
2103802,Dom Pedro - MA,628.57
2103901,Duque Bacelar - MA,399.4
2104008,Esperantinópolis - MA,461.33
2104057,Estreito - MA,702.4
2104073,Feira Nova do Maranhão - MA,500.0
2104081,Fernando Falcão - MA,422.4
2104099,Formosa da Serra Negra - MA,480.0
2104107,Fortaleza dos Nogueiras - MA,642.86
2104206,Fortuna - MA,403.0
2104305,Godofredo Viana - MA,600.0
2104404,Gonçalves Dias - MA,571.71
2104503,Governador Archer - MA,525.71
2104552,Governador Edison Lobão - MA,606.0
2104602,Governador Eugênio Barros - MA,550.0
2104628,Governador Luiz Rocha - MA,500.0
2104651,Governador Newton Bello - MA,450.0
2104677,Governador Nunes Freire - MA,470.67
2104701,Graça Aranha - MA,537.33
2104800,Grajaú - MA,537.33
2104909,Guimarães - MA,472.4
2105005,Humberto de Campos - MA,228.57
2105104,Icatu - MA,302.0
2105153,Igarapé do Meio - MA,533.33
2105203,Igarapé Grande - MA,600.0
2105302,Imperatriz - MA,840.2
2105351,Itaipava do Grajaú - MA,403.0
2105401,Itapecuru Mirim - MA,442.4
2105427,Itinga do Maranhão - MA,675.0
2105450,Jatobá - MA,403.0
2105476,Jenipapo dos Vieiras - MA,248.0
2105500,João Lisboa - MA,620.67
2105609,Joselândia - MA,428.57
2105658,Junco do Maranhão - MA,441.25
2105708,Lago da Pedra - MA,606.0
2105807,Lago do Junco - MA,600.0
2105906,Lago Verde - MA,475.0
2105922,Lagoa do Mato - MA,404.0
2105948,Lago dos Rodrigues - MA,606.0
2105963,Lagoa Grande do Maranhão - MA,438.67
2105989,Lajeado Novo - MA,573.14
2106003,Lima Campos - MA,600.0
2106102,Loreto - MA,567.67
2106201,Luís Domingues - MA,414.29
2106300,Magalhães de Almeida - MA,484.8
2106326,Maracaçumé - MA,400.0
2106359,Marajá do Sena - MA,300.0
2106375,Maranhãozinho - MA,316.0
2106409,Mata Roma - MA,442.4
2106508,Matinha - MA,466.67
2106607,Matões - MA,415.0
2106631,Matões do Norte - MA,320.0
2106672,Milagres do Maranhão - MA,302.0
2106706,Mirador - MA,403.0
2106755,Miranda do Norte - MA,500.0
2106805,Mirinzal - MA,537.33
2106904,Monção - MA,400.0
2107001,Montes Altos - MA,537.33
2107100,Morros - MA,342.86
2107209,Nina Rodrigues - MA,400.0
2107258,Nova Colinas - MA,533.33
2107308,Nova Iorque - MA,604.0
2107357,Nova Olinda do Maranhão - MA,500.0
2107407,Olho d'Água das Cunhãs - MA,603.0
2107456,Olinda Nova do Maranhão - MA,437.5
2107506,Paço do Lumiar - MA,733.33
2107605,Palmeirândia - MA,404.0
2107704,Paraibano - MA,537.33
2107803,Parnarama - MA,441.67
2107902,Passagem Franca - MA,470.67
2108009,Pastos Bons - MA,503.0
2108058,Paulino Neves - MA,404.0
2108108,Paulo Ramos - MA,463.0
2108207,Pedreiras - MA,727.2
2108256,Pedro do Rosário - MA,400.0
2108306,Penalva - MA,400.0
2108405,Peri Mirim - MA,468.67
2108454,Peritoró - MA,544.57
2108504,Pindaré-Mirim - MA,544.8
2108603,Pinheiro - MA,600.0
2108702,Pio XII - MA,523.4
2108801,Pirapemas - MA,392.4
2108900,Poção de Pedras - MA,554.0
2109007,Porto Franco - MA,672.67
2109056,Porto Rico do Maranhão - MA,537.33
2109106,Presidente Dutra - MA,700.0
2109205,Presidente Juscelino - MA,386.0
2109239,Presidente Médici - MA,503.0
2109270,Presidente Sarney - MA,400.0
2109304,Presidente Vargas - MA,366.67
2109403,Primeira Cruz - MA,300.0
2109452,Raposa - MA,604.0
2109502,Riachão - MA,600.0
2109551,Ribamar Fiquene - MA,575.33
2109601,Rosário - MA,502.0
2109700,Sambaíba - MA,522.4
2109759,Santa Filomena do Maranhão - MA,450.0
2109809,Santa Helena - MA,450.0
2109908,Santa Inês - MA,666.67
2110005,Santa Luzia - MA,484.8
2110039,Santa Luzia do Paruá - MA,600.0
2110104,Santa Quitéria do Maranhão - MA,327.27
2110203,Santa Rita - MA,504.0
2110237,Santana do Maranhão - MA,380.0
2110278,Santo Amaro do Maranhão - MA,364.0
2110302,Santo Antônio dos Lopes - MA,600.0
2110401,São Benedito do Rio Preto - MA,266.67
2110500,São Bento - MA,400.0
2110609,São Bernardo - MA,450.0
2110658,São Domingos do Azeitão - MA,600.0
2110708,São Domingos do Maranhão - MA,500.0
2110807,São Félix de Balsas - MA,550.0
2110856,São Francisco do Brejão - MA,606.0
2110906,São Francisco do Maranhão - MA,425.5
2111003,São João Batista - MA,402.4
2111029,São João do Carú - MA,400.0
2111052,São João do Paraíso - MA,535.33
2111078,São João do Soter - MA,400.0
2111102,São João dos Patos - MA,600.0
2111201,São José de Ribamar - MA,733.33
2111250,São José dos Basílios - MA,403.0
2111300,São Luís - MA,866.67
2111409,São Luís Gonzaga do Maranhão - MA,450.0
2111508,São Mateus do Maranhão - MA,516.67
2111532,São Pedro da Água Branca - MA,535.71
2111573,São Pedro dos Crentes - MA,550.67
2111607,São Raimundo das Mangabeiras - MA,602.4
2111631,São Raimundo do Doca Bezerra - MA,420.0
2111672,São Roberto - MA,362.4
2111706,São Vicente Ferrer - MA,433.33
2111722,Satubinha - MA,482.0
2111748,Senador Alexandre Costa - MA,456.0
2111763,Senador La Rocque - MA,606.0
2111789,Serrano do Maranhão - MA,500.0
2111805,Sítio Novo - MA,450.0
2111904,Sucupira do Norte - MA,480.0
2111953,Sucupira do Riachão - MA,484.8
2112001,Tasso Fragoso - MA,606.0
2112100,Timbiras - MA,403.0
2112209,Timon - MA,633.33
2112233,Trizidela do Vale - MA,606.0
2112274,Tufilândia - MA,510.25
2112308,Tuntum - MA,500.0
2112407,Turiaçu - MA,391.0
2112456,Turilândia - MA,350.0
2112506,Tutóia - MA,400.0
2112605,Urbano Santos - MA,360.0
2112704,Vargem Grande - MA,385.09
2112803,Viana - MA,500.0
2112852,Vila Nova dos Martírios - MA,562.33
2112902,Vitória do Mearim - MA,454.0
2113009,Vitorino Freire - MA,602.0
2114007,Zé Doca - MA,553.0
2200053,Acauã - PI,466.67
2200103,Agricolândia - PI,537.33
2200202,Água Branca - PI,619.0
2200251,Alagoinha do Piauí - PI,450.0
2200277,Alegrete do Piauí - PI,412.5
2200301,Alto Longá - PI,600.0
2200400,Altos - PI,606.0
2200459,Alvorada do Gurguéia - PI,466.67
2200509,Amarante - PI,540.0
2200608,Angical do Piauí - PI,694.8
2200707,Anísio de Abreu - PI,490.0
2200806,Antônio Almeida - PI,737.5
2200905,Aroazes - PI,604.0
2200954,Aroeiras do Itaim - PI,604.0
2201002,Arraial - PI,514.0
2201051,Assunção do Piauí - PI,333.33
2201101,Avelino Lopes - PI,475.0
2201150,Baixa Grande do Ribeiro - PI,600.0
2201176,Barra D'Alcântara - PI,537.33
2201200,Barras - PI,540.33
2201309,Barreiras do Piauí - PI,470.67
2201408,Barro Duro - PI,600.0
2201507,Batalha - PI,500.0
2201556,Bela Vista do Piauí - PI,448.44
2201572,Belém do Piauí - PI,606.0
2201606,Beneditinos - PI,484.8
2201705,Bertolínia - PI,706.0
2201739,Betânia do Piauí - PI,404.0
2201770,Boa Hora - PI,466.67
2201804,Bocaina - PI,606.0
2201903,Bom Jesus - PI,706.0
2201919,Bom Princípio do Piauí - PI,403.0
2201929,Bonfim do Piauí - PI,453.0
2201945,Boqueirão do Piauí - PI,503.43
2201960,Brasileira - PI,604.8
2201988,Brejo do Piauí - PI,537.33
2202000,Buriti dos Lopes - PI,484.8
2202026,Buriti dos Montes - PI,500.0
2202059,Cabeceiras do Piauí - PI,483.33
2202075,Cajazeiras do Piauí - PI,500.0
2202083,Cajueiro da Praia - PI,575.33
2202091,Caldeirão Grande do Piauí - PI,517.71
2202109,Campinas do Piauí - PI,533.33
2202117,Campo Alegre do Fidalgo - PI,503.0
2202133,Campo Grande do Piauí - PI,520.0
2202174,Campo Largo do Piauí - PI,400.0
2202208,Campo Maior - PI,706.0
2202251,Canavieira - PI,604.0
2202307,Canto do Buriti - PI,633.33
2202406,Capitão de Campos - PI,516.67
2202455,Capitão Gervásio Oliveira - PI,560.57
2202505,Caracol - PI,404.0
2202539,Caraúbas do Piauí - PI,404.0
2202554,Caridade do Piauí - PI,515.4
2202604,Castelo do Piauí - PI,537.33
2202653,Caxingó - PI,404.0
2202703,Cocal - PI,400.0
2202711,Cocal de Telha - PI,600.0
2202729,Cocal dos Alves - PI,403.0
2202737,Coivaras - PI,537.33
2202752,Colônia do Gurguéia - PI,628.0
2202778,Colônia do Piauí - PI,600.0
2202802,Conceição do Canindé - PI,600.0
2202851,Coronel José Dias - PI,466.67
2202901,Corrente - PI,620.0
2203008,Cristalândia do Piauí - PI,426.0
2203107,Cristino Castro - PI,560.0
2203206,Curimatá - PI,485.71
2203230,Currais - PI,537.33
2203255,Curralinhos - PI,574.0
2203271,Curral Novo do Piauí - PI,435.5
2203305,Demerval Lobão - PI,644.8
2203354,Dirceu Arcoverde - PI,600.0
2203404,Dom Expedito Lopes - PI,706.0
2203420,Domingos Mourão - PI,404.0
2203453,Dom Inocêncio - PI,606.0
2203503,Elesbão Veloso - PI,612.0
2203602,Eliseu Martins - PI,606.0
2203701,Esperantina - PI,606.0
2203750,Fartura do Piauí - PI,400.0
2203800,Flores do Piauí - PI,478.0
2203859,Floresta do Piauí - PI,537.33
2203909,Floriano - PI,808.0
2204006,Francinópolis - PI,454.0
2204105,Francisco Ayres - PI,500.0
2204154,Francisco Macedo - PI,606.0
2204204,Francisco Santos - PI,637.33
2204303,Fronteiras - PI,554.0
2204352,Geminiano - PI,584.8
2204402,Gilbués - PI,589.0
2204501,Guadalupe - PI,762.4
2204550,Guaribas - PI,375.0
2204600,Hugo Napoleão - PI,600.0
2204659,Ilha Grande - PI,533.33
2204709,Inhuma - PI,606.0
2204808,Ipiranga do Piauí - PI,504.0
2204907,Isaías Coelho - PI,440.0
2205003,Itainópolis - PI,604.0
2205102,Itaueira - PI,604.0
2205151,Jacobina do Piauí - PI,633.33
2205201,Jaicós - PI,520.0
2205250,Jardim do Mulato - PI,537.33
2205276,Jatobá do Piauí - PI,606.0
2205300,Jerumenha - PI,753.0
2205359,João Costa - PI,485.71
2205409,Joaquim Pires - PI,442.4
2205458,Joca Marques - PI,400.0
2205508,José de Freitas - PI,568.67
2205516,Juazeiro do Piauí - PI,644.8
2205524,Júlio Borges - PI,414.0
2205532,Jurema - PI,400.0
2205540,Lagoinha do Piauí - PI,480.0
2205557,Lagoa Alegre - PI,537.33
2205565,Lagoa do Barro do Piauí - PI,600.0
2205573,Lagoa de São Francisco - PI,404.0
2205581,Lagoa do Piauí - PI,604.0
2205599,Lagoa do Sítio - PI,483.33
2205607,Landri Sales - PI,564.0
2205706,Luís Correia - PI,537.33
2205805,Luzilândia - PI,502.4
2205854,Madeiro - PI,482.4
2205904,Manoel Emídio - PI,606.0
2205953,Marcolândia - PI,533.33
2206001,Marcos Parente - PI,702.4
2206050,Massapê do Piauí - PI,450.0
2206100,Matias Olímpio - PI,453.0
2206209,Miguel Alves - PI,404.0
2206308,Miguel Leão - PI,500.0
2206357,Milton Brandão - PI,404.0
2206407,Monsenhor Gil - PI,604.0
2206506,Monsenhor Hipólito - PI,520.0
2206605,Monte Alegre do Piauí - PI,403.0
2206654,Morro Cabeça no Tempo - PI,400.0
2206670,Morro do Chapéu do Piauí - PI,420.67
2206696,Murici dos Portelas - PI,437.5
2206704,Nazaré do Piauí - PI,564.8
2206720,Nazária - PI,516.0
2206753,Nossa Senhora de Nazaré - PI,606.0
2206803,Nossa Senhora dos Remédios - PI,433.33
2206902,Novo Oriente do Piauí - PI,550.0
2206951,Novo Santo Antônio - PI,537.2
2207009,Oeiras - PI,670.67
2207108,Olho D'Água do Piauí - PI,537.33
2207207,Padre Marcos - PI,550.0
2207306,Paes Landim - PI,537.33
2207355,Pajeú do Piauí - PI,706.0
2207405,Palmeira do Piauí - PI,604.0
2207504,Palmeirais - PI,504.0
2207553,Paquetá - PI,580.0
2207603,Parnaguá - PI,474.86
2207702,Parnaíba - PI,728.0
2207751,Passagem Franca do Piauí - PI,680.0
2207777,Patos do Piauí - PI,420.0
2207793,Pau D'Arco do Piauí - PI,400.0
2207801,Paulistana - PI,597.25
2207850,Pavussu - PI,473.33
2207900,Pedro II - PI,500.0
2207934,Pedro Laurentino - PI,475.0
2207959,Nova Santa Rita - PI,403.0
2208007,Picos - PI,826.67
2208106,Pimenteiras - PI,487.5
2208205,Pio IX - PI,522.4
2208304,Piracuruca - PI,540.0
2208403,Piripiri - PI,625.0
2208502,Porto - PI,404.0
2208551,Porto Alegre do Piauí - PI,533.33
2208601,Prata do Piauí - PI,604.0
2208650,Queimada Nova - PI,604.0
2208700,Redenção do Gurguéia - PI,542.4
2208809,Regeneração - PI,512.5
2208858,Riacho Frio - PI,404.0
2208874,Ribeira do Piauí - PI,604.0
2208908,Ribeiro Gonçalves - PI,606.0
2209005,Rio Grande do Piauí - PI,600.0
2209104,Santa Cruz do Piauí - PI,605.0
2209153,Santa Cruz dos Milagres - PI,537.33
2209203,Santa Filomena - PI,600.0
2209302,Santa Luz - PI,564.8
2209351,Santana do Piauí - PI,650.0
2209377,Santa Rosa do Piauí - PI,554.0
2209401,Santo Antônio de Lisboa - PI,600.0
2209450,Santo Antônio dos Milagres - PI,403.0
2209500,Santo Inácio do Piauí - PI,630.0
2209559,São Braz do Piauí - PI,600.0
2209609,São Félix do Piauí - PI,704.0
2209658,São Francisco de Assis do Piauí - PI,400.0
2209708,São Francisco do Piauí - PI,524.0
2209757,São Gonçalo do Gurguéia - PI,461.86
2209807,São Gonçalo do Piauí - PI,537.33
2209856,São João da Canabrava - PI,702.4
2209872,São João da Fronteira - PI,400.0
2209906,São João da Serra - PI,500.0
2209955,São João da Varjota - PI,470.67
2209971,São João do Arraial - PI,400.0
2210003,São João do Piauí - PI,606.0
2210052,São José do Divino - PI,553.0
2210102,São José do Peixe - PI,606.0
2210201,São José do Piauí - PI,602.4
2210300,São Julião - PI,620.0
2210359,São Lourenço do Piauí - PI,606.0
2210375,São Luis do Piauí - PI,484.8
2210383,São Miguel da Baixa Grande - PI,600.0
2210391,São Miguel do Fidalgo - PI,537.33
2210409,São Miguel do Tapuio - PI,470.67
2210508,São Pedro do Piauí - PI,478.0
2210607,São Raimundo Nonato - PI,685.71
2210623,Sebastião Barros - PI,452.0
2210631,Sebastião Leal - PI,600.0
2210656,Sigefredo Pacheco - PI,504.0
2210706,Simões - PI,484.8
2210805,Simplício Mendes - PI,606.0
2210904,Socorro do Piauí - PI,400.0
2210938,Sussuapara - PI,604.8
2210953,Tamboril do Piauí - PI,460.57
2210979,Tanque do Piauí - PI,709.0
2211001,Teresina - PI,868.0
2211100,União - PI,537.33
2211209,Uruçuí - PI,737.33
2211308,Valença do Piauí - PI,731.0
2211357,Várzea Branca - PI,404.0
2211407,Várzea Grande - PI,606.0
2211506,Vera Mendes - PI,460.0
2211605,Vila Nova do Piauí - PI,600.0
2211704,Wall Ferraz - PI,500.0
2300101,Abaiara - CE,525.0
2300150,Acarape - CE,500.0
2300200,Acaraú - CE,500.0
2300309,Acopiara - CE,600.0
2300408,Aiuaba - CE,458.4
2300507,Alcântaras - CE,600.0
2300606,Altaneira - CE,519.43
2300705,Alto Santo - CE,666.67
2300754,Amontada - CE,403.0
2300804,Antonina do Norte - CE,633.33
2300903,Apuiarés - CE,432.0
2301000,Aquiraz - CE,666.67
2301109,Aracati - CE,606.0
2301208,Aracoiaba - CE,603.0
2301257,Ararendá - CE,460.57
2301307,Araripe - CE,337.5
2301406,Aratuba - CE,560.33
2301505,Arneiroz - CE,587.33
2301604,Assaré - CE,528.0
2301703,Aurora - CE,525.0
2301802,Baixio - CE,470.67
2301851,Banabuiú - CE,570.67
2301901,Barbalha - CE,606.0
2301950,Barreira - CE,533.33
2302008,Barro - CE,566.67
2302057,Barroquinha - CE,333.33
2302107,Baturité - CE,600.0
2302206,Beberibe - CE,578.0
2302305,Bela Cruz - CE,400.0
2302404,Boa Viagem - CE,564.8
2302503,Brejo Santo - CE,641.4
2302602,Camocim - CE,550.0
2302701,Campos Sales - CE,503.0
2302800,Canindé - CE,575.0
2302909,Capistrano - CE,421.2
2303006,Caridade - CE,533.33
2303105,Cariré - CE,438.0
2303204,Caririaçu - CE,453.0
2303303,Cariús - CE,533.33
2303402,Carnaubal - CE,454.5
2303501,Cascavel - CE,606.0
2303600,Catarina - CE,466.67
2303659,Catunda - CE,475.0
2303709,Caucaia - CE,666.67
2303808,Cedro - CE,564.8
2303907,Chaval - CE,462.5
2303931,Choró - CE,404.0
2303956,Chorozinho - CE,600.0
2304004,Coreaú - CE,484.8
2304103,Crateús - CE,606.0
2304202,Crato - CE,656.67
2304236,Croatá - CE,404.0
2304251,Cruz - CE,600.0
2304269,Deputado Irapuan Pinheiro - CE,500.0
2304277,Ereré - CE,603.0
2304285,Eusébio - CE,1212.0
2304301,Farias Brito - CE,533.33
2304350,Forquilha - CE,600.0
2304400,Fortaleza - CE,900.0
2304459,Fortim - CE,700.0
2304509,Frecheirinha - CE,606.0
2304608,General Sampaio - CE,440.0
2304657,Graça - CE,416.67
2304707,Granja - CE,382.4
2304806,Granjeiro - CE,564.8
2304905,Groaíras - CE,582.4
2304954,Guaiúba - CE,480.0
2305001,Guaraciaba do Norte - CE,486.4
2305100,Guaramiranga - CE,606.0
2305209,Hidrolândia - CE,484.8
2305233,Horizonte - CE,606.0
2305266,Ibaretama - CE,450.0
2305308,Ibiapina - CE,466.67
2305332,Ibicuitinga - CE,504.0
2305357,Icapuí - CE,625.0
2305407,Icó - CE,535.33
2305506,Iguatu - CE,742.4
2305605,Independência - CE,533.33
2305654,Ipaporanga - CE,453.0
2305704,Ipaumirim - CE,566.67
2305803,Ipu - CE,553.0
2305902,Ipueiras - CE,428.57
2306009,Iracema - CE,606.0
2306108,Irauçuba - CE,404.0
2306207,Itaiçaba - CE,606.0
2306256,Itaitinga - CE,800.0
2306306,Itapajé - CE,500.0
2306405,Itapipoca - CE,512.4
2306504,Itapiúna - CE,425.0
2306553,Itarema - CE,450.0
2306603,Itatira - CE,407.0
2306702,Jaguaretama - CE,550.0
2306801,Jaguaribara - CE,724.8
2306900,Jaguaribe - CE,620.0
2307007,Jaguaruana - CE,587.33
2307106,Jardim - CE,537.33
2307205,Jati - CE,584.8
2307254,Jijoca de Jericoacoara - CE,678.0
2307304,Juazeiro do Norte - CE,666.67
2307403,Jucás - CE,550.0
2307502,Lavras da Mangabeira - CE,533.33
2307601,Limoeiro do Norte - CE,808.0
2307635,Madalena - CE,482.4
2307650,Maracanaú - CE,670.67
2307700,Maranguape - CE,607.14
2307809,Marco - CE,433.33
2307908,Martinópole - CE,404.0
2308005,Massapê - CE,470.0
2308104,Mauriti - CE,500.0
2308203,Meruoca - CE,562.4
2308302,Milagres - CE,560.0
2308351,Milhã - CE,606.0
2308377,Miraíma - CE,303.0
2308401,Missão Velha - CE,453.0
2308500,Mombaça - CE,580.0
2308609,Monsenhor Tabosa - CE,600.0
2308708,Morada Nova - CE,662.4
2308807,Moraújo - CE,537.33
2308906,Morrinhos - CE,433.33
2309003,Mucambo - CE,565.0
2309102,Mulungu - CE,600.0
2309201,Nova Olinda - CE,484.8
2309300,Nova Russas - CE,553.0
2309409,Novo Oriente - CE,600.0
2309458,Ocara - CE,500.0
2309508,Orós - CE,537.33
2309607,Pacajus - CE,625.0
2309706,Pacatuba - CE,610.0
2309805,Pacoti - CE,537.33
2309904,Pacujá - CE,546.4
2310001,Palhano - CE,606.0
2310100,Palmácia - CE,533.33
2310209,Paracuru - CE,604.0
2310258,Paraipaba - CE,600.0
2310308,Parambu - CE,433.33
2310407,Paramoti - CE,403.0
2310506,Pedra Branca - CE,520.67
2310605,Penaforte - CE,537.33
2310704,Pentecoste - CE,537.33
2310803,Pereiro - CE,558.86
2310852,Pindoretama - CE,606.0
2310902,Piquet Carneiro - CE,484.8
2310951,Pires Ferreira - CE,455.0
2311009,Poranga - CE,404.0
2311108,Porteiras - CE,603.0
2311207,Potengi - CE,400.0
2311231,Potiretama - CE,587.33
2311264,Quiterianópolis - CE,520.0
2311306,Quixadá - CE,604.0
2311355,Quixelô - CE,550.0
2311405,Quixeramobim - CE,606.0
2311504,Quixeré - CE,666.67
2311603,Redenção - CE,530.0
2311702,Reriutaba - CE,500.0
2311801,Russas - CE,640.0
2311900,Saboeiro - CE,500.0
2311959,Salitre - CE,400.0
2312007,Santana do Acaraú - CE,400.0
2312106,Santana do Cariri - CE,412.4
2312205,Santa Quitéria - CE,604.0
2312304,São Benedito - CE,500.0
2312403,São Gonçalo do Amarante - CE,606.0
2312502,São João do Jaguaribe - CE,800.0
2312601,São Luís do Curu - CE,404.0
2312700,Senador Pompeu - CE,606.0
2312809,Senador Sá - CE,404.0
2312908,Sobral - CE,621.0
2313005,Solonópole - CE,606.0
2313104,Tabuleiro do Norte - CE,682.4
2313203,Tamboril - CE,490.5
2313252,Tarrafas - CE,606.0
2313302,Tauá - CE,602.0
2313351,Tejuçuoca - CE,400.0
2313401,Tianguá - CE,600.0
2313500,Trairi - CE,475.0
2313559,Tururu - CE,404.0
2313609,Ubajara - CE,584.8
2313708,Umari - CE,460.0
2313757,Umirim - CE,404.0
2313807,Uruburetama - CE,524.0
2313906,Uruoca - CE,408.5
2313955,Varjota - CE,501.0
2314003,Várzea Alegre - CE,600.0
2314102,Viçosa do Ceará - CE,400.0
2400109,Acari - RN,800.0
2400208,Assú - RN,637.33
2400307,Afonso Bezerra - RN,604.0
2400406,Água Nova - RN,606.0
2400505,Alexandria - RN,542.4
2400604,Almino Afonso - RN,606.0
2400703,Alto do Rodrigues - RN,678.0
2400802,Angicos - RN,625.0
2400901,Antônio Martins - RN,550.0
2401008,Apodi - RN,653.0
2401107,Areia Branca - RN,720.67
2401206,Arez - RN,503.0
2401305,Campo Grande - RN,564.8
2401404,Baía Formosa - RN,606.0
2401453,Baraúna - RN,604.0
2401503,Barcelona - RN,604.0
2401602,Bento Fernandes - RN,537.33
2401651,Bodó - RN,603.0
2401701,Bom Jesus - RN,604.0
2401800,Brejinho - RN,550.0
2401859,Caiçara do Norte - RN,553.0
2401909,Caiçara do Rio do Vento - RN,606.0
2402006,Caicó - RN,941.33
2402105,Campo Redondo - RN,533.33
2402204,Canguaretama - RN,484.8
2402303,Caraúbas - RN,637.5
2402402,Carnaúba dos Dantas - RN,804.0
2402501,Carnaubais - RN,604.8
2402600,Ceará-Mirim - RN,537.33
2402709,Cerro Corá - RN,606.0
2402808,Coronel Ezequiel - RN,408.0
2402907,Coronel João Pessoa - RN,606.0
2403004,Cruzeta - RN,750.0
2403103,Currais Novos - RN,804.0
2403202,Doutor Severiano - RN,606.0
2403251,Parnamirim - RN,1150.0
2403301,Encanto - RN,604.0
2403400,Equador - RN,666.67
2403509,Espírito Santo - RN,546.67
2403608,Extremoz - RN,625.0
2403707,Felipe Guerra - RN,630.0
2403756,Fernando Pedroza - RN,604.0
2403806,Florânia - RN,612.5
2403905,Francisco Dantas - RN,666.67
2404002,Frutuoso Gomes - RN,600.0
2404101,Galinhos - RN,850.0
2404200,Goianinha - RN,600.0
2404309,Governador Dix-Sept Rosado - RN,606.0
2404408,Grossos - RN,678.0
2404507,Guamaré - RN,610.0
2404606,Ielmo Marinho - RN,453.0
2404705,Ipanguaçu - RN,550.0
2404804,Ipueira - RN,720.0
2404853,Itajá - RN,606.0
2404903,Itaú - RN,520.0
2405009,Jaçanã - RN,546.0
2405108,Jandaíra - RN,600.0
2405207,Janduís - RN,606.0
2405306,Januário Cicco - RN,504.0
2405405,Japi - RN,428.0
2405504,Jardim de Angicos - RN,564.8
2405603,Jardim de Piranhas - RN,606.0
2405702,Jardim do Seridó - RN,866.67
2405801,João Câmara - RN,484.8
2405900,João Dias - RN,500.0
2406007,José da Penha - RN,606.0
2406106,Jucurutu - RN,604.8
2406155,Jundiá - RN,551.5
2406205,Lagoa d'Anta - RN,489.14
2406304,Lagoa de Pedras - RN,400.0
2406403,Lagoa de Velhos - RN,606.0
2406502,Lagoa Nova - RN,600.0
2406601,Lagoa Salgada - RN,537.33
2406700,Lajes - RN,606.0
2406809,Lajes Pintadas - RN,600.0
2406908,Lucrécia - RN,604.0
2407005,Luís Gomes - RN,522.5
2407104,Macaíba - RN,606.0
2407203,Macau - RN,740.0
2407252,Major Sales - RN,604.0
2407302,Marcelino Vieira - RN,525.0
2407401,Martins - RN,670.67
2407500,Maxaranguape - RN,550.0
2407609,Messias Targino - RN,612.0
2407708,Montanhas - RN,528.0
2407807,Monte Alegre - RN,564.8
2407906,Monte das Gameleiras - RN,453.0
2408003,Mossoró - RN,866.67
2408102,Natal - RN,969.6
2408201,Nísia Floresta - RN,600.0
2408300,Nova Cruz - RN,525.0
2408409,Olho d'Água do Borges - RN,604.0
2408508,Ouro Branco - RN,756.0
2408607,Paraná - RN,605.14
2408706,Paraú - RN,637.33
2408805,Parazinho - RN,484.8
2408904,Parelhas - RN,681.0
2408953,Rio do Fogo - RN,500.0
2409100,Passa e Fica - RN,540.33
2409209,Passagem - RN,604.0
2409308,Patu - RN,600.0
2409332,Santa Maria - RN,606.0
2409407,Pau dos Ferros - RN,808.0
2409506,Pedra Grande - RN,600.0
2409605,Pedra Preta - RN,606.0
2409704,Pedro Avelino - RN,600.0
2409803,Pedro Velho - RN,503.0
2409902,Pendências - RN,670.67
2410009,Pilões - RN,600.0
2410108,Poço Branco - RN,450.0
2410207,Portalegre - RN,610.0
2410256,Porto do Mangue - RN,500.0
2410306,Serra Caiada - RN,410.57
2410405,Pureza - RN,453.43
2410504,Rafael Fernandes - RN,606.0
2410603,Rafael Godeiro - RN,604.0
2410702,Riacho da Cruz - RN,452.0
2410801,Riacho de Santana - RN,537.33
2410900,Riachuelo - RN,556.0
2411007,Rodolfo Fernandes - RN,404.0
2411056,Tibau - RN,753.0
2411106,Ruy Barbosa - RN,600.0
2411205,Santa Cruz - RN,604.8
2411403,Santana do Matos - RN,582.4
2411429,Santana do Seridó - RN,733.33
2411502,Santo Antônio - RN,540.0
2411601,São Bento do Norte - RN,606.0
2411700,São Bento do Trairí - RN,600.0
2411809,São Fernando - RN,759.0
2411908,São Francisco do Oeste - RN,755.0
2412005,São Gonçalo do Amarante - RN,733.33
2412104,São João do Sabugi - RN,706.0
2412203,São José de Mipibu - RN,606.0
2412302,São José do Campestre - RN,606.0
2412401,São José do Seridó - RN,808.0
2412500,São Miguel - RN,603.0
2412559,São Miguel do Gostoso - RN,620.0
2412609,São Paulo do Potengi - RN,606.0
2412708,São Pedro - RN,555.0
2412807,São Rafael - RN,600.0
2412906,São Tomé - RN,604.0
2413003,São Vicente - RN,606.0
2413102,Senador Elói de Souza - RN,600.0
2413201,Senador Georgino Avelino - RN,557.0
2413300,Serra de São Bento - RN,500.0
2413359,Serra do Mel - RN,576.5
2413409,Serra Negra do Norte - RN,750.0
2413508,Serrinha - RN,537.33
2413557,Serrinha dos Pintos - RN,606.0
2413607,Severiano Melo - RN,666.67
2413706,Sítio Novo - RN,460.0
2413805,Taboleiro Grande - RN,519.43
2413904,Taipu - RN,503.0
2414001,Tangará - RN,484.8
2414100,Tenente Ananias - RN,503.0
2414159,Tenente Laurentino Cruz - RN,582.4
2414209,Tibau do Sul - RN,800.0
2414308,Timbaúba dos Batistas - RN,874.67
2414407,Touros - RN,504.5
2414456,Triunfo Potiguar - RN,560.0
2414506,Umarizal - RN,606.0
2414605,Upanema - RN,606.0
2414704,Várzea - RN,504.0
2414753,Venha-Ver - RN,425.0
2414803,Vera Cruz - RN,450.5
2414902,Viçosa - RN,681.0
2415008,Vila Flor - RN,606.0
2500106,Água Branca - PB,510.0
2500205,Aguiar - PB,550.0
2500304,Alagoa Grande - PB,535.33
2500403,Alagoa Nova - PB,600.0
2500502,Alagoinha - PB,537.33
2500536,Alcantil - PB,604.0
2500577,Algodão de Jandaíra - PB,403.0
2500601,Alhandra - PB,603.0
2500700,São João do Rio do Peixe - PB,606.0
2500734,Amparo - PB,455.5
2500775,Aparecida - PB,600.0
2500809,Araçagi - PB,537.33
2500908,Arara - PB,600.0
2501005,Araruna - PB,500.0
2501104,Areia - PB,533.33
2501153,Areia de Baraúnas - PB,454.0
2501203,Areial - PB,537.33
2501302,Aroeiras - PB,472.4
2501351,Assunção - PB,537.33
2501401,Baía da Traição - PB,451.5
2501500,Bananeiras - PB,500.0
2501534,Baraúna - PB,484.8
2501575,Barra de Santana - PB,400.0
2501609,Barra de Santa Rosa - PB,500.0
2501708,Barra de São Miguel - PB,600.0
2501807,Bayeux - PB,633.71
2501906,Belém - PB,546.67
2502003,Belém do Brejo do Cruz - PB,607.0
2502052,Bernardino Batista - PB,537.33
2502102,Boa Ventura - PB,537.33
2502151,Boa Vista - PB,722.4
2502201,Bom Jesus - PB,606.0
2502300,Bom Sucesso - PB,644.8
2502409,Bonito de Santa Fé - PB,425.0
2502508,Boqueirão - PB,550.0
2502607,Igaracy - PB,537.33
2502706,Borborema - PB,433.33
2502805,Brejo do Cruz - PB,582.4
2502904,Brejo dos Santos - PB,633.33
2503001,Caaporã - PB,550.0
2503100,Cabaceiras - PB,606.0
2503209,Cabedelo - PB,900.0
2503308,Cachoeira dos Índios - PB,560.0
2503407,Cacimba de Areia - PB,550.0
2503506,Cacimba de Dentro - PB,433.33
2503555,Cacimbas - PB,400.0
2503605,Caiçara - PB,480.0
2503704,Cajazeiras - PB,750.0
2503753,Cajazeirinhas - PB,516.67
2503803,Caldas Brandão - PB,537.33
2503902,Camalaú - PB,533.33
2504009,Campina Grande - PB,808.0
2504033,Capim - PB,503.0
2504074,Caraúbas - PB,646.29
2504108,Carrapateira - PB,500.0
2504157,Casserengue - PB,404.0
2504207,Catingueira - PB,500.0
2504306,Catolé do Rocha - PB,756.0
2504355,Caturité - PB,480.0
2504405,Conceição - PB,503.0
2504504,Condado - PB,604.0
2504603,Conde - PB,604.0
2504702,Congo - PB,604.0
2504801,Coremas - PB,564.29
2504850,Coxixola - PB,606.0
2504900,Cruz do Espírito Santo - PB,584.8
2505006,Cubati - PB,537.33
2505105,Cuité - PB,600.6
2505204,Cuitegi - PB,500.0
2505238,Cuité de Mamanguape - PB,533.33
2505279,Curral de Cima - PB,500.0
2505303,Curral Velho - PB,604.0
2505352,Damião - PB,400.0
2505402,Desterro - PB,537.33
2505501,Vista Serrana - PB,502.0
2505600,Diamante - PB,537.33
2505709,Dona Inês - PB,404.0
2505808,Duas Estradas - PB,495.33
2505907,Emas - PB,625.0
2506004,Esperança - PB,600.0
2506103,Fagundes - PB,480.0
2506202,Frei Martinho - PB,701.5
2506251,Gado Bravo - PB,404.0
2506301,Guarabira - PB,681.0
2506400,Gurinhém - PB,537.33
2506509,Gurjão - PB,614.8
2506608,Ibiara - PB,550.0
2506707,Imaculada - PB,419.67
2506806,Ingá - PB,622.4
2506905,Itabaiana - PB,606.0
2507002,Itaporanga - PB,650.0
2507101,Itapororoca - PB,482.4
2507200,Itatuba - PB,528.0
2507309,Jacaraú - PB,522.4
2507408,Jericó - PB,637.33
2507507,João Pessoa - PB,1000.0
2507606,Juarez Távora - PB,606.0
2507705,Juazeirinho - PB,446.67
2507804,Junco do Seridó - PB,620.0
2507903,Juripiranga - PB,537.33
2508000,Juru - PB,450.0
2508109,Lagoa - PB,537.33
2508208,Lagoa de Dentro - PB,537.33
2508307,Lagoa Seca - PB,606.0
2508406,Lastro - PB,514.8
2508505,Livramento - PB,453.0
2508554,Logradouro - PB,533.33
2508604,Lucena - PB,580.0
2508703,Mãe d'Água - PB,537.33
2508802,Malta - PB,680.0
2508901,Mamanguape - PB,600.0
2509008,Manaíra - PB,400.0
2509057,Marcação - PB,425.0
2509107,Mari - PB,560.0
2509156,Marizópolis - PB,557.78
2509206,Massaranduba - PB,600.0
2509305,Mataraca - PB,535.33
2509339,Matinhas - PB,400.0
2509370,Mato Grosso - PB,653.0
2509396,Maturéia - PB,447.33
2509404,Mogeiro - PB,537.33
2509503,Montadas - PB,537.33
2509602,Monte Horebe - PB,404.0
2509701,Monteiro - PB,604.0
2509800,Mulungu - PB,600.0
2509909,Natuba - PB,403.0
2510006,Nazarezinho - PB,466.67
2510105,Nova Floresta - PB,533.33
2510204,Nova Olinda - PB,500.0
2510303,Nova Palmeira - PB,606.0
2510402,Olho d'Água - PB,303.0
2510501,Olivedos - PB,520.67
2510600,Ouro Velho - PB,606.0
2510659,Parari - PB,606.0
2510709,Passagem - PB,606.0
2510808,Patos - PB,750.0
2510907,Paulista - PB,625.0
2511004,Pedra Branca - PB,553.0
2511103,Pedra Lavrada - PB,600.0
2511202,Pedras de Fogo - PB,600.0
2511301,Piancó - PB,602.4
2511400,Picuí - PB,564.8
2511509,Pilar - PB,500.0
2511608,Pilões - PB,442.4
2511707,Pilõezinhos - PB,555.0
2511806,Pirpirituba - PB,537.33
2511905,Pitimbu - PB,604.0
2512002,Pocinhos - PB,516.67
2512036,Poço Dantas - PB,433.33
2512077,Poço de José de Moura - PB,606.0
2512101,Pombal - PB,653.0
2512200,Prata - PB,604.0
2512309,Princesa Isabel - PB,570.67
2512408,Puxinanã - PB,537.33
2512507,Queimadas - PB,600.0
2512606,Quixaba - PB,484.8
2512705,Remígio - PB,580.0
2512721,Pedro Régis - PB,404.0
2512747,Riachão - PB,404.0
2512754,Riachão do Bacamarte - PB,600.0
2512762,Riachão do Poço - PB,404.0
2512788,Riacho de Santo Antônio - PB,590.5
2512804,Riacho dos Cavalos - PB,537.33
2512903,Rio Tinto - PB,606.0
2513000,Salgadinho - PB,468.38
2513109,Salgado de São Félix - PB,500.0
2513158,Santa Cecília - PB,450.0
2513208,Santa Cruz - PB,606.0
2513307,Santa Helena - PB,678.0
2513356,Santa Inês - PB,524.8
2513406,Santa Luzia - PB,800.0
2513505,Santana de Mangueira - PB,404.0
2513604,Santana dos Garrotes - PB,564.8
2513653,Joca Claudino - PB,480.0
2513703,Santa Rita - PB,622.4
2513802,Santa Teresinha - PB,604.0
2513851,Santo André - PB,590.0
2513901,São Bento - PB,600.0
2513927,São Bentinho - PB,558.4
2513943,São Domingos do Cariri - PB,606.0
2513968,São Domingos - PB,553.0
2513984,São Francisco - PB,606.0
2514008,São João do Cariri - PB,800.0
2514107,São João do Tigre - PB,482.4
2514206,São José da Lagoa Tapada - PB,537.33
2514305,São José de Caiana - PB,450.0
2514404,São José de Espinharas - PB,537.33
2514453,São José dos Ramos - PB,404.0
2514503,São José de Piranhas - PB,624.0
2514552,São José de Princesa - PB,420.0
2514602,São José do Bonfim - PB,553.0
2514651,São José do Brejo do Cruz - PB,537.33
2514701,São José do Sabugi - PB,606.0
2514800,São José dos Cordeiros - PB,606.0
2514909,São Mamede - PB,729.14
2515005,São Miguel de Taipu - PB,450.0
2515104,São Sebastião de Lagoa de Roça - PB,606.0
2515203,São Sebastião do Umbuzeiro - PB,500.0
2515302,Sapé - PB,600.0
2515401,São Vicente do Seridó - PB,425.0
2515500,Serra Branca - PB,606.0
2515609,Serra da Raiz - PB,537.33
2515708,Serra Grande - PB,600.0
2515807,Serra Redonda - PB,606.0
2515906,Serraria - PB,478.0
2515930,Sertãozinho - PB,600.0
2515971,Sobrado - PB,533.33
2516003,Solânea - PB,600.0
2516102,Soledade - PB,484.8
2516151,Sossêgo - PB,425.0
2516201,Sousa - PB,700.0
2516300,Sumé - PB,606.0
2516409,Tacima - PB,416.0
2516508,Taperoá - PB,550.0
2516607,Tavares - PB,453.0
2516706,Teixeira - PB,500.0
2516755,Tenório - PB,537.33
2516805,Triunfo - PB,601.86
2516904,Uiraúna - PB,730.0
2517001,Umbuzeiro - PB,466.67
2517100,Várzea - PB,906.0
2517209,Vieirópolis - PB,553.0
2517407,Zabelê - PB,533.33
2600054,Abreu e Lima - PE,625.0
2600104,Afogados da Ingazeira - PE,606.0
2600203,Afrânio - PE,558.33
2600302,Agrestina - PE,550.0
2600401,Água Preta - PE,466.67
2600500,Águas Belas - PE,462.4
2600609,Alagoinha - PE,600.0
2600708,Aliança - PE,500.0
2600807,Altinho - PE,537.33
2600906,Amaraji - PE,520.0
2601003,Angelim - PE,537.33
2601052,Araçoiaba - PE,480.0
2601102,Araripina - PE,500.0
2601201,Arcoverde - PE,606.0
2601300,Barra de Guabiraba - PE,503.0
2601409,Barreiros - PE,537.33
2601508,Belém de Maria - PE,514.29
2601607,Belém do São Francisco - PE,537.33
2601706,Belo Jardim - PE,606.0
2601805,Betânia - PE,450.0
2601904,Bezerros - PE,700.0
2602001,Bodocó - PE,460.0
2602100,Bom Conselho - PE,487.33
2602209,Bom Jardim - PE,533.33
2602308,Bonito - PE,500.0
2602407,Brejão - PE,480.5
2602506,Brejinho - PE,587.33
2602605,Brejo da Madre de Deus - PE,575.0
2602704,Buenos Aires - PE,564.8
2602803,Buíque - PE,400.0
2602902,Cabo de Santo Agostinho - PE,621.5
2603009,Cabrobó - PE,473.75
2603108,Cachoeirinha - PE,504.0
2603207,Caetés - PE,466.67
2603306,Calçado - PE,478.0
2603405,Calumbi - PE,533.33
2603454,Camaragibe - PE,706.0
2603504,Camocim de São Félix - PE,600.0
2603603,Camutanga - PE,537.33
2603702,Canhotinho - PE,500.0
2603801,Capoeiras - PE,480.0
2603900,Carnaíba - PE,500.0
2603926,Carnaubeira da Penha - PE,440.0
2604007,Carpina - PE,678.0
2604106,Caruaru - PE,731.0
2604155,Casinhas - PE,453.0
2604205,Catende - PE,537.33
2604304,Cedro - PE,470.67
2604403,Chã de Alegria - PE,525.0
2604502,Chã Grande - PE,600.0
2604601,Condado - PE,562.4
2604700,Correntes - PE,448.67
2604809,Cortês - PE,533.33
2604908,Cumaru - PE,553.5
2605004,Cupira - PE,525.0
2605103,Custódia - PE,625.0
2605152,Dormentes - PE,600.0
2605202,Escada - PE,606.0
2605301,Exu - PE,404.0
2605400,Feira Nova - PE,600.0
2605459,Fernando de Noronha - PE,1833.33
2605509,Ferreiros - PE,604.0
2605608,Flores - PE,466.67
2605707,Floresta - PE,600.0
2605806,Frei Miguelinho - PE,606.0
2605905,Gameleira - PE,537.33
2606002,Garanhuns - PE,666.67
2606101,Glória do Goitá - PE,525.0
2606200,Goiana - PE,606.0
2606309,Granito - PE,560.0
2606408,Gravatá - PE,720.67
2606507,Iati - PE,480.0
2606606,Ibimirim - PE,453.0
2606705,Ibirajuba - PE,533.33
2606804,Igarassu - PE,606.0
2606903,Iguaracy - PE,484.8
2607000,Inajá - PE,350.0
2607109,Ingazeira - PE,575.0
2607208,Ipojuca - PE,604.8
2607307,Ipubi - PE,459.0
2607406,Itacuruba - PE,533.33
2607505,Itaíba - PE,440.0
2607604,Ilha de Itamaracá - PE,537.33
2607653,Itambé - PE,532.0
2607703,Itapetim - PE,600.0
2607752,Itapissuma - PE,600.0
2607802,Itaquitinga - PE,453.0
2607901,Jaboatão dos Guararapes - PE,700.0
2607950,Jaqueira - PE,403.0
2608008,Jataúba - PE,466.67
2608057,Jatobá - PE,600.0
2608107,João Alfredo - PE,566.67
2608206,Joaquim Nabuco - PE,537.33
2608255,Jucati - PE,430.0
2608305,Jupi - PE,533.33
2608404,Jurema - PE,422.4
2608453,Lagoa do Carro - PE,580.67
2608503,Lagoa de Itaenga - PE,566.67
2608602,Lagoa do Ouro - PE,404.0
2608701,Lagoa dos Gatos - PE,453.0
2608750,Lagoa Grande - PE,600.0
2608800,Lajedo - PE,500.0
2608909,Limoeiro - PE,610.0
2609006,Macaparana - PE,503.0
2609105,Machados - PE,533.33
2609154,Manari - PE,237.5
2609204,Maraial - PE,500.0
2609303,Mirandiba - PE,500.0
2609402,Moreno - PE,604.0
2609501,Nazaré da Mata - PE,606.0
2609600,Olinda - PE,800.0
2609709,Orobó - PE,525.0
2609808,Orocó - PE,430.0
2609907,Ouricuri - PE,500.0
2610004,Palmares - PE,602.4
2610103,Palmeirina - PE,537.33
2610202,Panelas - PE,404.0
2610301,Paranatama - PE,400.0
2610400,Parnamirim - PE,517.71
2610509,Passira - PE,537.33
2610608,Paudalho - PE,604.0
2610707,Paulista - PE,808.0
2610806,Pedra - PE,400.0
2610905,Pesqueira - PE,600.0
2611002,Petrolândia - PE,533.33
2611101,Petrolina - PE,766.67
2611200,Poção - PE,450.0
2611309,Pombos - PE,600.0
2611408,Primavera - PE,537.33
2611507,Quipapá - PE,404.0
2611533,Quixaba - PE,320.0
2611606,Recife - PE,970.67
2611705,Riacho das Almas - PE,600.0
2611804,Ribeirão - PE,595.0
2611903,Rio Formoso - PE,550.0
2612000,Sairé - PE,604.8
2612109,Salgadinho - PE,537.33
2612208,Salgueiro - PE,606.0
2612307,Saloá - PE,500.0
2612406,Sanharó - PE,478.0
2612455,Santa Cruz - PE,466.67
2612471,Santa Cruz da Baixa Verde - PE,450.0
2612505,Santa Cruz do Capibaribe - PE,750.0
2612554,Santa Filomena - PE,483.5
2612604,Santa Maria da Boa Vista - PE,525.0
2612703,Santa Maria do Cambucá - PE,550.0
2612802,Santa Terezinha - PE,537.33
2612901,São Benedito do Sul - PE,470.67
2613008,São Bento do Una - PE,500.0
2613107,São Caitano - PE,566.67
2613206,São João - PE,529.5
2613305,São Joaquim do Monte - PE,466.67
2613404,São José da Coroa Grande - PE,603.0
2613503,São José do Belmonte - PE,588.0
2613602,São José do Egito - PE,606.0
2613701,São Lourenço da Mata - PE,606.0
2613800,São Vicente Férrer - PE,466.67
2613909,Serra Talhada - PE,666.67
2614006,Serrita - PE,453.0
2614105,Sertânia - PE,600.0
2614204,Sirinhaém - PE,532.4
2614303,Moreilândia - PE,485.33
2614402,Solidão - PE,450.0
2614501,Surubim - PE,602.0
2614600,Tabira - PE,578.0
2614709,Tacaimbó - PE,540.0
2614808,Tacaratu - PE,416.0
2614857,Tamandaré - PE,537.33
2615003,Taquaritinga do Norte - PE,666.67
2615102,Terezinha - PE,450.0
2615201,Terra Nova - PE,533.33
2615300,Timbaúba - PE,600.0
2615409,Toritama - PE,600.0
2615508,Tracunhaém - PE,537.33
2615607,Trindade - PE,500.0
2615706,Triunfo - PE,675.0
2615805,Tupanatinga - PE,394.44
2615904,Tuparetama - PE,578.0
2616001,Venturosa - PE,537.33
2616100,Verdejante - PE,500.0
2616183,Vertente do Lério - PE,600.0
2616209,Vertentes - PE,606.0
2616308,Vicência - PE,600.0
2616407,Vitória de Santo Antão - PE,625.0
2616506,Xexéu - PE,500.0
2700102,Água Branca - AL,433.0
2700201,Anadia - AL,484.8
2700300,Arapiraca - AL,703.0
2700409,Atalaia - AL,553.0
2700508,Barra de Santo Antônio - AL,604.8
2700607,Barra de São Miguel - AL,700.0
2700706,Batalha - AL,537.33
2700805,Belém - AL,606.0
2700904,Belo Monte - AL,400.0
2701001,Boca da Mata - AL,564.8
2701100,Branquinha - AL,442.4
2701209,Cacimbinhas - AL,500.0
2701308,Cajueiro - AL,480.0
2701357,Campestre - AL,475.0
2701407,Campo Alegre - AL,600.0
2701506,Campo Grande - AL,400.0
2701605,Canapi - AL,450.0
2701704,Capela - AL,570.67
2701803,Carneiros - AL,410.0
2701902,Chã Preta - AL,533.33
2702009,Coité do Nóia - AL,466.67
2702108,Colônia Leopoldina - AL,520.0
2702207,Coqueiro Seco - AL,606.0
2702306,Coruripe - AL,606.0
2702355,Craíbas - AL,403.0
2702405,Delmiro Gouveia - AL,633.33
2702504,Dois Riachos - AL,422.4
2702553,Estrela de Alagoas - AL,404.0
2702603,Feira Grande - AL,403.0
2702702,Feliz Deserto - AL,571.0
2702801,Flexeiras - AL,520.0
2702900,Girau do Ponciano - AL,437.5
2703007,Ibateguara - AL,533.33
2703106,Igaci - AL,440.0
2703205,Igreja Nova - AL,404.0
2703304,Inhapi - AL,400.0
2703403,Jacaré dos Homens - AL,533.33
2703502,Jacuípe - AL,546.29
2703601,Japaratinga - AL,633.33
2703700,Jaramataia - AL,500.0
2703759,Jequiá da Praia - AL,606.0
2703809,Joaquim Gomes - AL,475.33
2703908,Jundiá - AL,537.33
2704005,Junqueiro - AL,537.5
2704104,Lagoa da Canoa - AL,482.4
2704203,Limoeiro de Anadia - AL,500.0
2704302,Maceió - AL,837.33
2704401,Major Isidoro - AL,553.0
2704500,Maragogi - AL,600.0
2704609,Maravilha - AL,553.0
2704708,Marechal Deodoro - AL,716.67
2704807,Maribondo - AL,604.8
2704906,Mar Vermelho - AL,707.0
2705002,Mata Grande - AL,365.5
2705101,Matriz de Camaragibe - AL,578.0
2705200,Messias - AL,520.0
2705309,Minador do Negrão - AL,466.67
2705408,Monteirópolis - AL,475.0
2705507,Murici - AL,558.91
2705606,Novo Lino - AL,528.0
2705705,Olho d'Água das Flores - AL,500.0
2705804,Olho d'Água do Casado - AL,404.0
2705903,Olho d'Água Grande - AL,300.0
2706000,Olivença - AL,320.4
2706109,Ouro Branco - AL,535.71
2706208,Palestina - AL,503.0
2706307,Palmeira dos Índios - AL,606.0
2706406,Pão de Açúcar - AL,516.67
2706422,Pariconha - AL,425.0
2706448,Paripueira - AL,725.0
2706505,Passo de Camaragibe - AL,576.57
2706604,Paulo Jacinto - AL,564.8
2706703,Penedo - AL,600.0
2706802,Piaçabuçu - AL,462.5
2706901,Pilar - AL,606.0
2707008,Pindoba - AL,576.57
2707107,Piranhas - AL,500.0
2707206,Poço das Trincheiras - AL,375.0
2707305,Porto Calvo - AL,600.0
2707404,Porto de Pedras - AL,600.0
2707503,Porto Real do Colégio - AL,403.33
2707602,Quebrangulo - AL,466.67
2707701,Rio Largo - AL,606.0
2707800,Roteiro - AL,603.0
2707909,Santa Luzia do Norte - AL,600.0
2708006,Santana do Ipanema - AL,500.0
2708105,Santana do Mundaú - AL,503.0
2708204,São Brás - AL,346.29
2708303,São José da Laje - AL,566.67
2708402,São José da Tapera - AL,403.0
2708501,São Luís do Quitunde - AL,600.0
2708600,São Miguel dos Campos - AL,700.0
2708709,São Miguel dos Milagres - AL,706.0
2708808,São Sebastião - AL,484.8
2708907,Satuba - AL,784.8
2708956,Senador Rui Palmeira - AL,404.0
2709004,Tanque d'Arca - AL,504.0
2709103,Taquarana - AL,432.4
2709152,Teotônio Vilela - AL,600.0
2709202,Traipu - AL,404.0
2709301,União dos Palmares - AL,600.0
2709400,Viçosa - AL,543.6
2800100,Amparo do São Francisco - SE,550.25
2800209,Aquidabã - SE,538.0
2800308,Aracaju - SE,1070.67
2800407,Arauá - SE,500.0
2800506,Areia Branca - SE,587.33
2800605,Barra dos Coqueiros - SE,953.0
2800670,Boquim - SE,606.0
2800704,Brejo Grande - SE,360.0
2801009,Campo do Brito - SE,650.0
2801108,Canhoba - SE,466.67
2801207,Canindé de São Francisco - SE,480.0
2801306,Capela - SE,504.0
2801405,Carira - SE,537.33
2801504,Carmópolis - SE,594.8
2801603,Cedro de São João - SE,500.0
2801702,Cristinápolis - SE,466.67
2801900,Cumbe - SE,537.33
2802007,Divina Pastora - SE,606.0
2802106,Estância - SE,606.0
2802205,Feira Nova - SE,478.0
2802304,Frei Paulo - SE,625.0
2802403,Gararu - SE,416.67
2802502,General Maynard - SE,587.43
2802601,Graccho Cardoso - SE,500.0
2802700,Ilha das Flores - SE,400.0
2802809,Indiaroba - SE,403.0
2802908,Itabaiana - SE,778.0
2803005,Itabaianinha - SE,500.0
2803104,Itabi - SE,600.0
2803203,Itaporanga d'Ajuda - SE,500.0
2803302,Japaratuba - SE,600.0
2803401,Japoatã - SE,503.0
2803500,Lagarto - SE,650.0
2803609,Laranjeiras - SE,587.33
2803708,Macambira - SE,681.0
2803807,Malhada dos Bois - SE,570.67
2803906,Malhador - SE,604.0
2804003,Maruim - SE,583.33
2804102,Moita Bonita - SE,600.0
2804201,Monte Alegre de Sergipe - SE,500.0
2804300,Muribeca - SE,537.33
2804409,Neópolis - SE,528.0
2804458,Nossa Senhora Aparecida - SE,600.0
2804508,Nossa Senhora da Glória - SE,604.0
2804607,Nossa Senhora das Dores - SE,537.33
2804706,Nossa Senhora de Lourdes - SE,575.0
2804805,Nossa Senhora do Socorro - SE,606.0
2804904,Pacatuba - SE,404.0
2805000,Pedra Mole - SE,459.4
2805109,Pedrinhas - SE,546.67
2805208,Pinhão - SE,533.33
2805307,Pirambu - SE,560.0
2805406,Poço Redondo - SE,430.0
2805505,Poço Verde - SE,590.86
2805604,Porto da Folha - SE,404.0
2805703,Propriá - SE,604.0
2805802,Riachão do Dantas - SE,500.0
2805901,Riachuelo - SE,528.0
2806008,Ribeirópolis - SE,606.0
2806107,Rosário do Catete - SE,537.33
2806206,Salgado - SE,600.5
2806305,Santa Luzia do Itanhy - SE,425.0
2806404,Santana do São Francisco - SE,537.33
2806503,Santa Rosa de Lima - SE,413.33
2806602,Santo Amaro das Brotas - SE,593.33
2806701,São Cristóvão - SE,755.0
2806800,São Domingos - SE,570.0
2806909,São Francisco - SE,604.0
2807006,São Miguel do Aleixo - SE,600.0
2807105,Simão Dias - SE,606.0
2807204,Siriri - SE,600.0
2807303,Telha - SE,537.33
2807402,Tobias Barreto - SE,606.0
2807501,Tomar do Geru - SE,400.0
2807600,Umbaúba - SE,600.0
2900108,Abaíra - BA,750.0
2900207,Abaré - BA,458.86
2900306,Acajutiba - BA,537.33
2900355,Adustina - BA,552.4
2900405,Água Fria - BA,533.33
2900504,Érico Cardoso - BA,606.0
2900603,Aiquara - BA,606.0
2900702,Alagoinhas - BA,693.33
2900801,Alcobaça - BA,600.0
2900900,Almadina - BA,700.0
2901007,Amargosa - BA,604.0
2901106,Amélia Rodrigues - BA,606.0
2901155,América Dourada - BA,525.0
2901205,Anagé - BA,604.0
2901304,Andaraí - BA,557.33
2901353,Andorinha - BA,606.0
2901403,Angical - BA,606.0
2901502,Anguera - BA,608.7
2901601,Antas - BA,600.0
2901700,Antônio Cardoso - BA,604.0
2901809,Antônio Gonçalves - BA,606.0
2901908,Aporá - BA,537.33
2901957,Apuarema - BA,628.33
2902005,Aracatu - BA,606.0
2902054,Araçás - BA,600.0
2902104,Araci - BA,482.4
2902203,Aramari - BA,606.0
2902252,Arataca - BA,522.4
2902302,Aratuípe - BA,453.0
2902401,Aurelino Leal - BA,600.0
2902500,Baianópolis - BA,583.33
2902609,Baixa Grande - BA,542.4
2902658,Banzaê - BA,509.56
2902708,Barra - BA,402.4
2902807,Barra da Estiva - BA,600.0
2902906,Barra do Choça - BA,604.8
2903003,Barra do Mendes - BA,608.33
2903102,Barra do Rocha - BA,606.0
2903201,Barreiras - BA,850.0
2903235,Barro Alto - BA,503.0
2903276,Barrocas - BA,606.0
2903300,Barro Preto - BA,700.0
2903409,Belmonte - BA,606.0
2903508,Belo Campo - BA,550.5
2903607,Biritinga - BA,537.33
2903706,Boa Nova - BA,537.33
2903805,Boa Vista do Tupim - BA,466.67
2903904,Bom Jesus da Lapa - BA,606.0
2903953,Bom Jesus da Serra - BA,537.33
2904001,Boninal - BA,600.0
2904050,Bonito - BA,552.4
2904100,Boquira - BA,553.0
2904209,Botuporã - BA,533.33
2904308,Brejões - BA,518.67
2904407,Brejolândia - BA,554.5
2904506,Brotas de Macaúbas - BA,600.0
2904605,Brumado - BA,738.0
2904704,Buerarema - BA,630.0
2904753,Buritirama - BA,400.0
2904803,Caatiba - BA,606.0
2904852,Cabaceiras do Paraguaçu - BA,453.0
2904902,Cachoeira - BA,604.0
2905008,Caculé - BA,780.0
2905107,Caém - BA,556.0
2905156,Caetanos - BA,575.0
2905206,Caetité - BA,727.2
2905305,Cafarnaum - BA,470.67
2905404,Cairu - BA,731.0
2905503,Caldeirão Grande - BA,500.0
2905602,Camacan - BA,687.33
2905701,Camaçari - BA,750.0
2905800,Camamu - BA,500.0
2905909,Campo Alegre de Lourdes - BA,450.0
2906006,Campo Formoso - BA,503.0
2906105,Canápolis - BA,500.0
2906204,Canarana - BA,466.67
2906303,Canavieiras - BA,600.0
2906402,Candeal - BA,600.0
2906501,Candeias - BA,606.0
2906600,Candiba - BA,604.0
2906709,Cândido Sales - BA,550.0
2906808,Cansanção - BA,484.8
2906824,Canudos - BA,533.33
2906857,Capela do Alto Alegre - BA,606.0
2906873,Capim Grosso - BA,606.0
2906899,Caraíbas - BA,600.0
2906907,Caravelas - BA,606.0
2907004,Cardeal da Silva - BA,475.0
2907103,Carinhanha - BA,465.0
2907202,Casa Nova - BA,592.0
2907301,Castro Alves - BA,605.5
2907400,Catolândia - BA,606.0
2907509,Catu - BA,650.0
2907558,Caturama - BA,482.4
2907608,Central - BA,525.0
2907707,Chorrochó - BA,502.5
2907806,Cícero Dantas - BA,606.0
2907905,Cipó - BA,567.0
2908002,Coaraci - BA,606.0
2908101,Cocos - BA,537.33
2908200,Conceição da Feira - BA,606.0
2908309,Conceição do Almeida - BA,666.67
2908408,Conceição do Coité - BA,606.0
2908507,Conceição do Jacuípe - BA,800.0
2908606,Conde - BA,462.33
2908705,Condeúba - BA,606.0
2908804,Contendas do Sincorá - BA,606.0
2908903,Coração de Maria - BA,700.0
2909000,Cordeiros - BA,703.0
2909109,Coribe - BA,500.0
2909208,Coronel João Sá - BA,537.33
2909307,Correntina - BA,616.67
2909406,Cotegipe - BA,484.8
2909505,Cravolândia - BA,537.33
2909604,Crisópolis - BA,453.0
2909703,Cristópolis - BA,600.0
2909802,Cruz das Almas - BA,780.0
2909901,Curaçá - BA,494.0
2910008,Dário Meira - BA,566.67
2910057,Dias d'Ávila - BA,650.0
2910107,Dom Basílio - BA,600.0
2910206,Dom Macedo Costa - BA,606.0
2910305,Elísio Medrado - BA,600.0
2910404,Encruzilhada - BA,470.67
2910503,Entre Rios - BA,600.0
2910602,Esplanada - BA,554.0
2910701,Euclides da Cunha - BA,600.0
2910727,Eunápolis - BA,833.33
2910750,Fátima - BA,537.33
2910776,Feira da Mata - BA,583.33
2910800,Feira de Santana - BA,775.0
2910859,Filadélfia - BA,525.0
2910909,Firmino Alves - BA,703.0
2911006,Floresta Azul - BA,606.0
2911105,Formosa do Rio Preto - BA,600.0
2911204,Gandu - BA,606.0
2911253,Gavião - BA,750.0
2911303,Gentio do Ouro - BA,575.0
2911402,Glória - BA,525.0
2911501,Gongogi - BA,604.0
2911600,Governador Mangabeira - BA,606.0
2911659,Guajeru - BA,625.0
2911709,Guanambi - BA,806.0
2911808,Guaratinga - BA,625.0
2911857,Heliópolis - BA,566.67
2911907,Iaçu - BA,600.0
2912004,Ibiassucê - BA,804.0
2912103,Ibicaraí - BA,666.67
2912202,Ibicoara - BA,606.0
2912301,Ibicuí - BA,670.67
2912400,Ibipeba - BA,550.0
2912509,Ibipitanga - BA,600.0
2912608,Ibiquera - BA,500.0
2912707,Ibirapitanga - BA,484.8
2912806,Ibirapuã - BA,808.0
2912905,Ibirataia - BA,606.0
2913002,Ibitiara - BA,600.0
2913101,Ibititá - BA,550.0
2913200,Ibotirama - BA,585.71
2913309,Ichu - BA,620.0
2913408,Igaporã - BA,650.0
2913457,Igrapiúna - BA,568.67
2913507,Iguaí - BA,600.0
2913606,Ilhéus - BA,800.0
2913705,Inhambupe - BA,600.0
2913804,Ipecaetá - BA,400.0
2913903,Ipiaú - BA,635.33
2914000,Ipirá - BA,578.5
2914109,Ipupiara - BA,606.0
2914208,Irajuba - BA,611.67
2914307,Iramaia - BA,503.0
2914406,Iraquara - BA,466.67
2914505,Irará - BA,639.67
2914604,Irecê - BA,800.0
2914653,Itabela - BA,606.0
2914703,Itaberaba - BA,706.0
2914802,Itabuna - BA,805.5
2914901,Itacaré - BA,687.43
2915007,Itaeté - BA,540.0
2915106,Itagi - BA,488.89
2915205,Itagibá - BA,700.0
2915304,Itagimirim - BA,625.0
2915353,Itaguaçu da Bahia - BA,537.33
2915403,Itaju do Colônia - BA,604.0
2915502,Itajuípe - BA,606.0
2915601,Itamaraju - BA,725.0
2915700,Itamari - BA,600.0
2915809,Itambé - BA,606.0
2915908,Itanagra - BA,537.33
2916005,Itanhém - BA,737.33
2916104,Itaparica - BA,603.0
2916203,Itapé - BA,606.0
2916302,Itapebi - BA,606.0
2916401,Itapetinga - BA,700.0
2916500,Itapicuru - BA,466.67
2916609,Itapitanga - BA,519.43
2916708,Itaquara - BA,433.33
2916807,Itarantim - BA,606.0
2916856,Itatim - BA,550.0
2916906,Itiruçu - BA,606.0
2917003,Itiúba - BA,466.67
2917102,Itororó - BA,606.0
2917201,Ituaçu - BA,558.4
2917300,Ituberá - BA,604.0
2917334,Iuiu - BA,500.0
2917359,Jaborandi - BA,453.0
2917409,Jacaraci - BA,630.0
2917508,Jacobina - BA,733.33
2917607,Jaguaquara - BA,602.0
2917706,Jaguarari - BA,620.0
2917805,Jaguaripe - BA,404.0
2917904,Jandaíra - BA,484.8
2918001,Jequié - BA,650.0
2918100,Jeremoabo - BA,541.33
2918209,Jiquiriçá - BA,551.5
2918308,Jitaúna - BA,603.0
2918357,João Dourado - BA,550.0
2918407,Juazeiro - BA,670.0
2918456,Jucuruçu - BA,606.0
2918506,Jussara - BA,500.0
2918555,Jussari - BA,640.0
2918605,Jussiape - BA,606.0
2918704,Lafaiete Coutinho - BA,700.0
2918753,Lagoa Real - BA,502.0
2918803,Laje - BA,500.0
2918902,Lajedão - BA,725.0
2919009,Lajedinho - BA,600.0
2919058,Lajedo do Tabocal - BA,606.0
2919108,Lamarão - BA,570.67
2919157,Lapão - BA,533.33
2919207,Lauro de Freitas - BA,1000.5
2919306,Lençóis - BA,660.0
2919405,Licínio de Almeida - BA,606.0
2919504,Livramento de Nossa Senhora - BA,606.0
2919553,Luís Eduardo Magalhães - BA,1025.0
2919603,Macajuba - BA,525.0
2919702,Macarani - BA,553.0
2919801,Macaúbas - BA,575.0
2919900,Macururé - BA,533.33
2919926,Madre de Deus - BA,700.0
2919959,Maetinga - BA,606.0
2920007,Maiquinique - BA,666.67
2920106,Mairi - BA,553.0
2920205,Malhada - BA,453.0
2920304,Malhada de Pedras - BA,606.0
2920403,Manoel Vitorino - BA,503.0
2920452,Mansidão - BA,475.0
2920502,Maracás - BA,606.0
2920601,Maragogipe - BA,500.0
2920700,Maraú - BA,700.0
2920809,Marcionílio Souza - BA,566.0
2920908,Mascote - BA,542.4
2921005,Mata de São João - BA,640.0
2921054,Matina - BA,564.8
2921104,Medeiros Neto - BA,625.0
2921203,Miguel Calmon - BA,533.33
2921302,Milagres - BA,600.0
2921401,Mirangaba - BA,432.0
2921450,Mirante - BA,500.0
2921500,Monte Santo - BA,475.0
2921609,Morpará - BA,450.0
2921708,Morro do Chapéu - BA,600.0
2921807,Mortugaba - BA,566.67
2921906,Mucugê - BA,681.0
2922003,Mucuri - BA,785.71
2922052,Mulungu do Morro - BA,462.4
2922102,Mundo Novo - BA,550.0
2922201,Muniz Ferreira - BA,633.33
2922250,Muquém do São Francisco - BA,500.0
2922300,Muritiba - BA,727.2
2922409,Mutuípe - BA,550.0
2922508,Nazaré - BA,604.0
2922607,Nilo Peçanha - BA,525.0
2922656,Nordestina - BA,465.5
2922706,Nova Canaã - BA,633.33
2922730,Nova Fátima - BA,700.0
2922755,Nova Ibiá - BA,604.0
2922805,Nova Itarana - BA,489.14
2922854,Nova Redenção - BA,556.0
2922904,Nova Soure - BA,450.0
2923001,Nova Viçosa - BA,606.0
2923035,Novo Horizonte - BA,500.0
2923050,Novo Triunfo - BA,454.0
2923100,Olindina - BA,500.0
2923209,Oliveira dos Brejinhos - BA,533.33
2923308,Ouriçangas - BA,566.67
2923357,Ourolândia - BA,466.67
2923407,Palmas de Monte Alto - BA,604.0
2923506,Palmeiras - BA,600.0
2923605,Paramirim - BA,704.0
2923704,Paratinga - BA,518.67
2923803,Paripiranga - BA,504.0
2923902,Pau Brasil - BA,600.0
2924009,Paulo Afonso - BA,700.0
2924058,Pé de Serra - BA,600.0
2924108,Pedrão - BA,564.8
2924207,Pedro Alexandre - BA,440.0
2924306,Piatã - BA,600.0
2924405,Pilão Arcado - BA,346.29
2924504,Pindaí - BA,606.0
2924603,Pindobaçu - BA,537.33
2924652,Pintadas - BA,622.4
2924678,Piraí do Norte - BA,400.0
2924702,Piripá - BA,600.0
2924801,Piritiba - BA,533.33
2924900,Planaltino - BA,600.0
2925006,Planalto - BA,602.4
2925105,Poções - BA,600.0
2925204,Pojuca - BA,666.67
2925253,Ponto Novo - BA,475.0
2925303,Porto Seguro - BA,840.0
2925402,Potiraguá - BA,674.86
2925501,Prado - BA,670.67
2925600,Presidente Dutra - BA,580.0
2925709,Presidente Jânio Quadros - BA,582.73
2925758,Presidente Tancredo Neves - BA,590.0
2925808,Queimadas - BA,450.0
2925907,Quijingue - BA,533.33
2925931,Quixabeira - BA,500.0
2925956,Rafael Jambeiro - BA,450.0
2926004,Remanso - BA,600.0
2926103,Retirolândia - BA,600.0
2926202,Riachão das Neves - BA,583.33
2926301,Riachão do Jacuípe - BA,644.0
2926400,Riacho de Santana - BA,537.33
2926509,Ribeira do Amparo - BA,482.4
2926608,Ribeira do Pombal - BA,606.0
2926657,Ribeirão do Largo - BA,550.0
2926707,Rio de Contas - BA,637.5
2926806,Rio do Antônio - BA,570.67
2926905,Rio do Pires - BA,584.8
2927002,Rio Real - BA,550.0
2927101,Rodelas - BA,500.0
2927200,Ruy Barbosa - BA,604.8
2927309,Salinas da Margarida - BA,453.0
2927408,Salvador - BA,887.5
2927507,Santa Bárbara - BA,544.8
2927606,Santa Brígida - BA,444.0
2927705,Santa Cruz Cabrália - BA,700.0
2927804,Santa Cruz da Vitória - BA,606.0
2927903,Santa Inês - BA,616.67
2928000,Santaluz - BA,570.67
2928059,Santa Luzia - BA,600.0
2928109,Santa Maria da Vitória - BA,606.0
2928208,Santana - BA,550.0
2928307,Santanópolis - BA,566.67
2928406,Santa Rita de Cássia - BA,537.33
2928505,Santa Terezinha - BA,550.0
2928604,Santo Amaro - BA,580.0
2928703,Santo Antônio de Jesus - BA,803.0
2928802,Santo Estêvão - BA,606.0
2928901,São Desidério - BA,642.4
2928950,São Domingos - BA,725.0
2929008,São Félix - BA,600.0
2929057,São Félix do Coribe - BA,650.0
2929107,São Felipe - BA,600.0
2929206,São Francisco do Conde - BA,553.0
2929255,São Gabriel - BA,533.33
2929305,São Gonçalo dos Campos - BA,633.33
2929354,São José da Vitória - BA,604.0
2929370,São José do Jacuípe - BA,562.33
2929404,São Miguel das Matas - BA,700.0
2929503,São Sebastião do Passé - BA,606.0
2929602,Sapeaçu - BA,606.0
2929701,Sátiro Dias - BA,500.0
2929750,Saubara - BA,570.67
2929800,Saúde - BA,606.0
2929909,Seabra - BA,606.0
2930006,Sebastião Laranjeiras - BA,560.0
2930105,Senhor do Bonfim - BA,606.0
2930154,Serra do Ramalho - BA,533.33
2930204,Sento Sé - BA,433.33
2930303,Serra Dourada - BA,550.0
2930402,Serra Preta - BA,600.0
2930501,Serrinha - BA,624.8
2930600,Serrolândia - BA,614.0
2930709,Simões Filho - BA,633.33
2930758,Sítio do Mato - BA,500.0
2930766,Sítio do Quinto - BA,478.0
2930774,Sobradinho - BA,600.0
2930808,Souto Soares - BA,484.8
2930907,Tabocas do Brejo Velho - BA,484.8
2931004,Tanhaçu - BA,533.33
2931053,Tanque Novo - BA,482.4
2931103,Tanquinho - BA,600.0
2931202,Taperoá - BA,566.67
2931301,Tapiramutá - BA,434.0
2931350,Teixeira de Freitas - BA,806.0
2931400,Teodoro Sampaio - BA,606.0
2931509,Teofilândia - BA,569.5
2931608,Teolândia - BA,600.0
2931707,Terra Nova - BA,606.0
2931806,Tremedal - BA,533.33
2931905,Tucano - BA,600.0
2932002,Uauá - BA,537.33
2932101,Ubaíra - BA,575.0
2932200,Ubaitaba - BA,606.0
2932309,Ubatã - BA,537.33
2932408,Uibaí - BA,637.33
2932457,Umburanas - BA,483.33
2932507,Una - BA,637.33
2932606,Urandi - BA,710.0
2932705,Uruçuca - BA,675.0
2932804,Utinga - BA,550.0
2932903,Valença - BA,646.29
2933000,Valente - BA,700.0
2933059,Várzea da Roça - BA,500.0
2933109,Várzea do Poço - BA,566.67
2933158,Várzea Nova - BA,575.0
2933174,Varzedo - BA,533.33
2933208,Vera Cruz - BA,606.0
2933257,Vereda - BA,606.0
2933307,Vitória da Conquista - BA,808.0
2933406,Wagner - BA,525.0
2933455,Wanderley - BA,600.0
2933505,Wenceslau Guimarães - BA,475.0
2933604,Xique-Xique - BA,537.33
3100104,Abadia dos Dourados - MG,1200.0
3100203,Abaeté - MG,1200.0
3100302,Abre Campo - MG,808.0
3100401,Acaiaca - MG,974.67
3100500,Açucena - MG,650.0
3100609,Água Boa - MG,675.0
3100708,Água Comprida - MG,1212.0
3100807,Aguanil - MG,1050.0
3100906,Águas Formosas - MG,750.0
3101003,Águas Vermelhas - MG,610.0
3101102,Aimorés - MG,942.4
3101201,Aiuruoca - MG,1212.0
3101300,Alagoa - MG,1106.0
3101409,Albertina - MG,1000.0
3101508,Além Paraíba - MG,956.0
3101607,Alfenas - MG,1212.0
3101631,Alfredo Vasconcelos - MG,904.0
3101706,Almenara - MG,756.0
3101805,Alpercata - MG,900.0
3101904,Alpinópolis - MG,1130.29
3102001,Alterosa - MG,1000.0
3102050,Alto Caparaó - MG,937.33
3102100,Alto Rio Doce - MG,762.4
3102209,Alvarenga - MG,803.0
3102308,Alvinópolis - MG,1000.0
3102407,Alvorada de Minas - MG,606.0
3102506,Amparo do Serra - MG,881.0
3102605,Andradas - MG,1296.67
3102704,Cachoeira de Pajeú - MG,571.43
3102803,Andrelândia - MG,884.8
3102852,Angelândia - MG,736.0
3102902,Antônio Carlos - MG,1000.0
3103009,Antônio Dias - MG,808.0
3103108,Antônio Prado de Minas - MG,1150.0
3103207,Araçaí - MG,866.67
3103306,Aracitaba - MG,937.5
3103405,Araçuaí - MG,800.0
3103504,Araguari - MG,1212.0
3103603,Arantina - MG,950.0
3103702,Araponga - MG,670.67
3103751,Araporã - MG,1212.0
3103801,Arapuá - MG,1266.67
3103900,Araújos - MG,1212.0
3104007,Araxá - MG,1300.0
3104106,Arceburgo - MG,1200.0
3104205,Arcos - MG,1200.0
3104304,Areado - MG,1004.0
3104403,Argirita - MG,850.0
3104452,Aricanduva - MG,737.33
3104502,Arinos - MG,800.0
3104601,Astolfo Dutra - MG,1006.0
3104700,Ataléia - MG,650.0
3104809,Augusto de Lima - MG,806.0
3104908,Baependi - MG,980.0
3105004,Baldim - MG,906.0
3105103,Bambuí - MG,1200.0
3105202,Bandeira - MG,705.0
3105301,Bandeira do Sul - MG,1204.0
3105400,Barão de Cocais - MG,1160.67
3105509,Barão do Monte Alto - MG,808.0
3105608,Barbacena - MG,1106.0
3105707,Barra Longa - MG,942.4
3105905,Barroso - MG,870.67
3106002,Bela Vista de Minas - MG,956.0
3106101,Belmiro Braga - MG,937.33
3106200,Belo Horizonte - MG,1441.0
3106309,Belo Oriente - MG,750.0
3106408,Belo Vale - MG,1000.0
3106507,Berilo - MG,742.4
3106606,Bertópolis - MG,600.0
3106655,Berizal - MG,606.0
3106705,Betim - MG,1070.67
3106804,Bias Fortes - MG,793.5
3106903,Bicas - MG,1061.2
3107000,Biquinhas - MG,1070.67
3107109,Boa Esperança - MG,1000.0
3107208,Bocaina de Minas - MG,1033.33
3107307,Bocaiúva - MG,800.0
3107406,Bom Despacho - MG,1213.0
3107505,Bom Jardim de Minas - MG,928.0
3107604,Bom Jesus da Penha - MG,1154.0
3107703,Bom Jesus do Amparo - MG,870.67
3107802,Bom Jesus do Galho - MG,808.0
3107901,Bom Repouso - MG,1000.0
3108008,Bom Sucesso - MG,981.0
3108107,Bonfim - MG,1053.0
3108206,Bonfinópolis de Minas - MG,1173.0
3108255,Bonito de Minas - MG,540.5
3108305,Borda da Mata - MG,1212.0
3108404,Botelhos - MG,1166.67
3108503,Botumirim - MG,604.0
3108552,Brasilândia de Minas - MG,928.62
3108602,Brasília de Minas - MG,650.0
3108701,Brás Pires - MG,808.0
3108800,Braúnas - MG,606.0
3108909,Brazópolis - MG,943.75
3109006,Brumadinho - MG,1333.33
3109105,Bueno Brandão - MG,1202.0
3109204,Buenópolis - MG,805.0
3109253,Bugre - MG,606.0
3109303,Buritis - MG,808.0
3109402,Buritizeiro - MG,727.2
3109451,Cabeceira Grande - MG,1056.0
3109501,Cabo Verde - MG,1076.0
3109600,Cachoeira da Prata - MG,1170.67
3109709,Cachoeira de Minas - MG,1070.67
3109808,Cachoeira Dourada - MG,1212.0
3109907,Caetanópolis - MG,1000.0
3110004,Caeté - MG,969.6
3110103,Caiana - MG,765.5
3110202,Cajuri - MG,806.0
3110301,Caldas - MG,1200.0
3110400,Camacho - MG,928.0
3110509,Camanducaia - MG,1200.0
3110608,Cambuí - MG,1250.0
3110707,Cambuquira - MG,1003.0
3110806,Campanário - MG,792.57
3110905,Campanha - MG,1100.0
3111002,Campestre - MG,1104.0
3111101,Campina Verde - MG,1212.0
3111150,Campo Azul - MG,640.0
3111200,Campo Belo - MG,1104.0
3111309,Campo do Meio - MG,900.0
3111408,Campo Florido - MG,1067.33
3111507,Campos Altos - MG,1009.75
3111606,Campos Gerais - MG,904.0
3111705,Canaã - MG,808.0
3111804,Canápolis - MG,1075.0
3111903,Cana Verde - MG,909.0
3112000,Candeias - MG,1056.0
3112059,Cantagalo - MG,700.0
3112109,Caparaó - MG,808.0
3112208,Capela Nova - MG,808.0
3112307,Capelinha - MG,853.0
3112406,Capetinga - MG,1000.0
3112505,Capim Branco - MG,1000.0
3112604,Capinópolis - MG,1100.0
3112653,Capitão Andrade - MG,875.0
3112703,Capitão Enéas - MG,682.4
3112802,Capitólio - MG,1225.0
3112901,Caputira - MG,808.0
3113008,Caraí - MG,503.0
3113107,Caranaíba - MG,820.0
3113206,Carandaí - MG,864.0
3113305,Carangola - MG,1000.0
3113404,Caratinga - MG,1004.0
3113503,Carbonita - MG,906.0
3113602,Careaçu - MG,1100.0
3113701,Carlos Chagas - MG,800.0
3113800,Carmésia - MG,903.0
3113909,Carmo da Cachoeira - MG,933.33
3114006,Carmo da Mata - MG,1200.0
3114105,Carmo de Minas - MG,844.8
3114204,Carmo do Cajuru - MG,1212.0
3114303,Carmo do Paranaíba - MG,1200.0
3114402,Carmo do Rio Claro - MG,1100.0
3114501,Carmópolis de Minas - MG,1141.33
3114550,Carneirinho - MG,1212.0
3114600,Carrancas - MG,1120.0
3114709,Carvalhópolis - MG,1212.0
3114808,Carvalhos - MG,900.0
3114907,Casa Grande - MG,974.67
3115003,Cascalho Rico - MG,1104.0
3115102,Cássia - MG,1100.0
3115201,Conceição da Barra de Minas - MG,956.75
3115300,Cataguases - MG,1053.0
3115359,Catas Altas - MG,1142.4
3115409,Catas Altas da Noruega - MG,756.0
3115458,Catuji - MG,606.0
3115474,Catuti - MG,604.0
3115508,Caxambu - MG,1075.0
3115607,Cedro do Abaeté - MG,1100.0
3115706,Central de Minas - MG,804.0
3115805,Centralina - MG,927.0
3115904,Chácara - MG,1000.0
3116001,Chalé - MG,800.0
3116100,Chapada do Norte - MG,822.67
3116159,Chapada Gaúcha - MG,750.0
3116209,Chiador - MG,933.33
3116308,Cipotânea - MG,625.0
3116407,Claraval - MG,1116.67
3116506,Claro dos Poções - MG,700.0
3116605,Cláudio - MG,1212.0
3116704,Coimbra - MG,1027.33
3116803,Coluna - MG,706.0
3116902,Comendador Gomes - MG,1208.8
3117009,Comercinho - MG,600.0
3117108,Conceição da Aparecida - MG,1000.0
3117207,Conceição das Pedras - MG,1000.0
3117306,Conceição das Alagoas - MG,925.0
3117405,Conceição de Ipanema - MG,906.0
3117504,Conceição do Mato Dentro - MG,920.0
3117603,Conceição do Pará - MG,1087.2
3117702,Conceição do Rio Verde - MG,808.0
3117801,Conceição dos Ouros - MG,1008.0
3117836,Cônego Marinho - MG,600.0
3117876,Confins - MG,1166.67
3117900,Congonhal - MG,1183.33
3118007,Congonhas - MG,1100.0
3118106,Congonhas do Norte - MG,766.67
3118205,Conquista - MG,1200.0
3118304,Conselheiro Lafaiete - MG,1212.0
3118403,Conselheiro Pena - MG,904.0
3118502,Consolação - MG,1087.43
3118601,Contagem - MG,1212.0
3118700,Coqueiral - MG,859.0
3118809,Coração de Jesus - MG,662.4
3118908,Cordisburgo - MG,904.0
3119005,Cordislândia - MG,808.0
3119104,Corinto - MG,753.0
3119203,Coroaci - MG,808.0
3119302,Coromandel - MG,1212.0
3119401,Coronel Fabriciano - MG,1059.0
3119500,Coronel Murta - MG,606.0
3119609,Coronel Pacheco - MG,825.0
3119708,Coronel Xavier Chaves - MG,1050.0
3119807,Córrego Danta - MG,1212.0
3119906,Córrego do Bom Jesus - MG,1212.0
3119955,Córrego Fundo - MG,1200.0
3120003,Córrego Novo - MG,720.0
3120102,Couto de Magalhães de Minas - MG,806.0
3120151,Crisólita - MG,600.0
3120201,Cristais - MG,1025.0
3120300,Cristália - MG,537.33
3120409,Cristiano Otoni - MG,775.0
3120508,Cristina - MG,933.33
3120607,Crucilândia - MG,1009.0
3120706,Cruzeiro da Fortaleza - MG,1133.33
3120805,Cruzília - MG,927.2
3120839,Cuparaque - MG,970.67
3120870,Curral de Dentro - MG,633.33
3120904,Curvelo - MG,1015.5
3121001,Datas - MG,644.8
3121100,Delfim Moreira - MG,908.0
3121209,Delfinópolis - MG,1066.67
3121258,Delta - MG,804.0
3121308,Descoberto - MG,950.0
3121407,Desterro de Entre Rios - MG,1000.0
3121506,Desterro do Melo - MG,766.67
3121605,Diamantina - MG,940.5
3121704,Diogo de Vasconcelos - MG,737.33
3121803,Dionísio - MG,808.0
3121902,Divinésia - MG,978.0
3122009,Divino - MG,806.0
3122108,Divino das Laranjeiras - MG,856.0
3122207,Divinolândia de Minas - MG,670.67
3122306,Divinópolis - MG,1250.0
3122355,Divisa Alegre - MG,606.0
3122405,Divisa Nova - MG,927.5
3122454,Divisópolis - MG,600.0
3122470,Dom Bosco - MG,900.0
3122504,Dom Cavati - MG,1000.0
3122603,Dom Joaquim - MG,808.0
3122702,Dom Silvério - MG,1043.6
3122801,Dom Viçoso - MG,938.0
3122900,Dona Euzébia - MG,909.0
3123007,Dores de Campos - MG,1004.0
3123106,Dores de Guanhães - MG,725.0
3123205,Dores do Indaiá - MG,1175.0
3123304,Dores do Turvo - MG,870.67
3123403,Doresópolis - MG,1106.0
3123502,Douradoquara - MG,1212.0
3123528,Durandé - MG,875.0
3123601,Elói Mendes - MG,1050.0
3123700,Engenheiro Caldas - MG,800.0
3123809,Engenheiro Navarro - MG,727.2
3123858,Entre Folhas - MG,808.0
3123908,Entre Rios de Minas - MG,1066.67
3124005,Ervália - MG,1003.0
3124104,Esmeraldas - MG,900.0
3124203,Espera Feliz - MG,900.0
3124302,Espinosa - MG,670.25
3124401,Espírito Santo do Dourado - MG,1070.67
3124500,Estiva - MG,1100.0
3124609,Estrela Dalva - MG,804.0
3124708,Estrela do Indaiá - MG,1212.0
3124807,Estrela do Sul - MG,1212.0
3124906,Eugenópolis - MG,908.0
3125002,Ewbank da Câmara - MG,825.0
3125101,Extrema - MG,1333.33
3125200,Fama - MG,1100.0
3125309,Faria Lemos - MG,836.0
3125408,Felício dos Santos - MG,719.5
3125507,São Gonçalo do Rio Preto - MG,753.0
3125606,Felisburgo - MG,627.33
3125705,Felixlândia - MG,1008.0
3125804,Fernandes Tourinho - MG,775.0
3125903,Ferros - MG,750.0
3125952,Fervedouro - MG,737.33
3126000,Florestal - MG,1337.33
3126109,Formiga - MG,1212.0
3126208,Formoso - MG,680.0
3126307,Fortaleza de Minas - MG,1166.67
3126406,Fortuna de Minas - MG,1004.0
3126505,Francisco Badaró - MG,662.4
3126604,Francisco Dumont - MG,668.67
3126703,Francisco Sá - MG,642.4
3126752,Franciscópolis - MG,600.0
3126802,Frei Gaspar - MG,654.0
3126901,Frei Inocêncio - MG,766.67
3126950,Frei Lagonegro - MG,724.8
3127008,Fronteira - MG,1006.0
3127057,Fronteira dos Vales - MG,644.8
3127073,Fruta de Leite - MG,537.33
3127107,Frutal - MG,1200.0
3127206,Funilândia - MG,933.33
3127305,Galiléia - MG,868.67
3127339,Gameleiras - MG,542.4
3127354,Glaucilândia - MG,700.0
3127370,Goiabeira - MG,944.8
3127388,Goianá - MG,1120.0
3127404,Gonçalves - MG,1212.0
3127503,Gonzaga - MG,650.0
3127602,Gouveia - MG,808.0
3127701,Governador Valadares - MG,1133.33
3127800,Grão Mogol - MG,633.33
3127909,Grupiara - MG,1212.0
3128006,Guanhães - MG,1006.0
3128105,Guapé - MG,1085.67
3128204,Guaraciaba - MG,756.0
3128253,Guaraciama - MG,753.0
3128303,Guaranésia - MG,1200.0
3128402,Guarani - MG,1006.0
3128501,Guarará - MG,970.67
3128600,Guarda-Mor - MG,1212.0
3128709,Guaxupé - MG,1212.0
3128808,Guidoval - MG,1166.67
3128907,Guimarânia - MG,1040.5
3129004,Guiricema - MG,1070.67
3129103,Gurinhatã - MG,1212.0
3129202,Heliodora - MG,850.0
3129301,Iapu - MG,840.0
3129400,Ibertioga - MG,808.0
3129509,Ibiá - MG,1200.0
3129608,Ibiaí - MG,666.67
3129657,Ibiracatu - MG,542.4
3129707,Ibiraci - MG,940.0
3129806,Ibirité - MG,969.6
3129905,Ibitiúra de Minas - MG,1212.0
3130002,Ibituruna - MG,969.6
3130051,Icaraí de Minas - MG,404.0
3130101,Igarapé - MG,1066.67
3130200,Igaratinga - MG,1004.0
3130309,Iguatama - MG,1212.0
3130408,Ijaci - MG,950.0
3130507,Ilicínea - MG,1000.0
3130556,Imbé de Minas - MG,725.0
3130606,Inconfidentes - MG,1106.0
3130655,Indaiabira - MG,606.0
3130705,Indianópolis - MG,1175.0
3130804,Ingaí - MG,1000.0
3130903,Inhapim - MG,875.0
3131000,Inhaúma - MG,933.33
3131109,Inimutaba - MG,876.57
3131158,Ipaba - MG,824.0
3131208,Ipanema - MG,900.0
3131307,Ipatinga - MG,1212.0
3131406,Ipiaçu - MG,1200.0
3131505,Ipuiúna - MG,1200.0
3131604,Iraí de Minas - MG,1125.0
3131703,Itabira - MG,1166.67
3131802,Itabirinha - MG,800.0
3131901,Itabirito - MG,1233.33
3132008,Itacambira - MG,666.67
3132107,Itacarambi - MG,606.0
3132206,Itaguara - MG,1212.0
3132305,Itaipé - MG,526.67
3132404,Itajubá - MG,1200.0
3132503,Itamarandiba - MG,778.0
3132602,Itamarati de Minas - MG,808.0
3132701,Itambacuri - MG,737.33
3132800,Itambé do Mato Dentro - MG,803.25
3132909,Itamogi - MG,1181.0
3133006,Itamonte - MG,939.5
3133105,Itanhandu - MG,1175.0
3133204,Itanhomi - MG,866.67
3133303,Itaobim - MG,800.0
3133402,Itapagipe - MG,1200.0
3133501,Itapecerica - MG,1100.0
3133600,Itapeva - MG,1000.0
3133709,Itatiaiuçu - MG,1070.67
3133758,Itaú de Minas - MG,1212.0
3133808,Itaúna - MG,1312.0
3133907,Itaverava - MG,825.0
3134004,Itinga - MG,533.33
3134103,Itueta - MG,1000.0
3134202,Ituiutaba - MG,1212.0
3134301,Itumirim - MG,870.67
3134400,Iturama - MG,1212.0
3134509,Itutinga - MG,1053.0
3134608,Jaboticatubas - MG,937.33
3134707,Jacinto - MG,630.29
3134806,Jacuí - MG,908.0
3134905,Jacutinga - MG,1212.0
3135001,Jaguaraçu - MG,1100.0
3135050,Jaíba - MG,625.0
3135076,Jampruca - MG,720.0
3135100,Janaúba - MG,847.67
3135209,Januária - MG,656.0
3135308,Japaraíba - MG,1212.0
3135357,Japonvar - MG,587.5
3135407,Jeceaba - MG,1175.0
3135456,Jenipapo de Minas - MG,600.0
3135506,Jequeri - MG,670.67
3135605,Jequitaí - MG,800.0
3135704,Jequitibá - MG,906.0
3135803,Jequitinhonha - MG,606.0
3135902,Jesuânia - MG,909.0
3136009,Joaíma - MG,604.0
3136108,Joanésia - MG,928.0
3136207,João Monlevade - MG,1212.0
3136306,João Pinheiro - MG,1000.0
3136405,Joaquim Felício - MG,800.0
3136504,Jordânia - MG,680.0
3136520,José Gonçalves de Minas - MG,750.0
3136553,José Raydan - MG,737.33
3136579,Josenópolis - MG,600.0
3136603,Nova União - MG,1032.33
3136652,Juatuba - MG,944.57
3136702,Juiz de Fora - MG,1212.0
3136801,Juramento - MG,656.0
3136900,Juruaia - MG,1203.0
3136959,Juvenília - MG,514.8
3137007,Ladainha - MG,600.0
3137106,Lagamar - MG,1200.0
3137205,Lagoa da Prata - MG,1142.0
3137304,Lagoa dos Patos - MG,706.0
3137403,Lagoa Dourada - MG,820.0
3137502,Lagoa Formosa - MG,1200.0
3137536,Lagoa Grande - MG,1010.0
3137601,Lagoa Santa - MG,1404.0
3137700,Lajinha - MG,909.0
3137809,Lambari - MG,906.0
3137908,Lamim - MG,710.4
3138005,Laranjal - MG,1000.0
3138104,Lassance - MG,806.0
3138203,Lavras - MG,1204.0
3138302,Leandro Ferreira - MG,1200.0
3138351,Leme do Prado - MG,800.0
3138401,Leopoldina - MG,938.4
3138500,Liberdade - MG,874.86
3138609,Lima Duarte - MG,920.0
3138625,Limeira do Oeste - MG,1233.33
3138658,Lontra - MG,606.0
3138674,Luisburgo - MG,766.67
3138682,Luislândia - MG,471.0
3138708,Luminárias - MG,1056.0
3138807,Luz - MG,1212.0
3138906,Machacalis - MG,744.8
3139003,Machado - MG,1125.0
3139102,Madre de Deus de Minas - MG,1110.86
3139201,Malacacheta - MG,700.0
3139250,Mamonas - MG,650.0
3139300,Manga - MG,606.0
3139409,Manhuaçu - MG,1000.0
3139508,Manhumirim - MG,950.0
3139607,Mantena - MG,974.67
3139706,Maravilhas - MG,909.0
3139805,Mar de Espanha - MG,1100.0
3139904,Maria da Fé - MG,950.0
3140001,Mariana - MG,1089.6
3140100,Marilac - MG,800.0
3140159,Mário Campos - MG,1002.4
3140209,Maripá de Minas - MG,1114.75
3140308,Marliéria - MG,1006.0
3140407,Marmelópolis - MG,704.8
3140506,Martinho Campos - MG,1212.0
3140530,Martins Soares - MG,743.33
3140555,Mata Verde - MG,601.33
3140605,Materlândia - MG,772.5
3140704,Mateus Leme - MG,908.0
3140803,Matias Barbosa - MG,1053.0
3140852,Matias Cardoso - MG,603.0
3140902,Matipó - MG,670.67
3141009,Mato Verde - MG,744.8
3141108,Matozinhos - MG,1000.0
3141207,Matutina - MG,1320.67
3141306,Medeiros - MG,1237.33
3141405,Medina - MG,604.0
3141504,Mendes Pimentel - MG,853.0
3141603,Mercês - MG,908.0
3141702,Mesquita - MG,1000.0
3141801,Minas Novas - MG,784.8
3141900,Minduri - MG,1100.0
3142007,Mirabela - MG,628.0
3142106,Miradouro - MG,808.0
3142205,Miraí - MG,856.0
3142254,Miravânia - MG,564.8
3142304,Moeda - MG,1170.67
3142403,Moema - MG,1120.0
3142502,Monjolos - MG,803.0
3142601,Monsenhor Paulo - MG,1000.0
3142700,Montalvânia - MG,575.0
3142809,Monte Alegre de Minas - MG,1040.5
3142908,Monte Azul - MG,706.0
3143005,Monte Belo - MG,1200.0
3143104,Monte Carmelo - MG,1200.0
3143153,Monte Formoso - MG,475.0
3143203,Monte Santo de Minas - MG,1050.0
3143302,Montes Claros - MG,1000.0
3143401,Monte Sião - MG,1212.0
3143450,Montezuma - MG,606.0
3143500,Morada Nova de Minas - MG,1204.0
3143609,Morro da Garça - MG,808.0
3143708,Morro do Pilar - MG,675.0
3143807,Munhoz - MG,1026.67
3143906,Muriaé - MG,1150.0
3144003,Mutum - MG,909.0
3144102,Muzambinho - MG,1212.0
3144201,Nacip Raydan - MG,606.0
3144300,Nanuque - MG,822.4
3144359,Naque - MG,722.4
3144375,Natalândia - MG,990.0
3144409,Natércia - MG,1200.0
3144508,Nazareno - MG,906.0
3144607,Nepomuceno - MG,960.0
3144656,Ninheira - MG,644.57
3144672,Nova Belém - MG,756.0
3144706,Nova Era - MG,1006.0
3144805,Nova Lima - MG,1650.0
3144904,Nova Módica - MG,802.0
3145000,Nova Ponte - MG,1178.0
3145059,Nova Porteirinha - MG,737.33
3145109,Nova Resende - MG,1070.67
3145208,Nova Serrana - MG,1212.0
3145307,Novo Cruzeiro - MG,560.0
3145356,Novo Oriente de Minas - MG,604.0
3145372,Novorizonte - MG,625.0
3145406,Olaria - MG,808.0
3145455,Olhos-d'Água - MG,720.0
3145505,Olímpio Noronha - MG,850.0
3145604,Oliveira - MG,1070.67
3145703,Oliveira Fortes - MG,866.67
3145802,Onça de Pitangui - MG,974.67
3145851,Oratórios - MG,916.67
3145877,Orizânia - MG,740.0
3145901,Ouro Branco - MG,1250.0
3146008,Ouro Fino - MG,1200.0
3146107,Ouro Preto - MG,1100.0
3146206,Ouro Verde de Minas - MG,604.0
3146255,Padre Carvalho - MG,565.2
3146305,Padre Paraíso - MG,606.0
3146404,Paineiras - MG,1053.0
3146503,Pains - MG,1212.0
3146552,Pai Pedro - MG,606.0
3146602,Paiva - MG,1093.33
3146701,Palma - MG,918.5
3146750,Palmópolis - MG,606.0
3146909,Papagaios - MG,909.0
3147006,Paracatu - MG,1102.8
3147105,Pará de Minas - MG,1212.0
3147204,Paraguaçu - MG,1200.0
3147303,Paraisópolis - MG,1180.0
3147402,Paraopeba - MG,967.2
3147501,Passabém - MG,950.0
3147600,Passa Quatro - MG,926.67
3147709,Passa Tempo - MG,1004.0
3147808,Passa Vinte - MG,904.0
3147907,Passos - MG,1204.0
3147956,Patis - MG,579.0
3148004,Patos de Minas - MG,1356.25
3148103,Patrocínio - MG,1212.0
3148202,Patrocínio do Muriaé - MG,1099.0
3148301,Paula Cândido - MG,822.67
3148400,Paulistas - MG,732.5
3148509,Pavão - MG,646.25
3148608,Peçanha - MG,700.0
3148707,Pedra Azul - MG,603.0
3148756,Pedra Bonita - MG,604.8
3148806,Pedra do Anta - MG,850.0
3148905,Pedra do Indaiá - MG,1000.0
3149002,Pedra Dourada - MG,856.0
3149101,Pedralva - MG,904.0
3149150,Pedras de Maria da Cruz - MG,600.0
3149200,Pedrinópolis - MG,1237.33
3149309,Pedro Leopoldo - MG,1184.5
3149408,Pedro Teixeira - MG,903.2
3149507,Pequeri - MG,1070.67
3149606,Pequi - MG,1212.0
3149705,Perdigão - MG,1212.0
3149804,Perdizes - MG,1210.0
3149903,Perdões - MG,1200.0
3149952,Periquito - MG,722.67
3150000,Pescador - MG,642.86
3150109,Piau - MG,965.33
3150158,Piedade de Caratinga - MG,834.25
3150208,Piedade de Ponte Nova - MG,904.0
3150307,Piedade do Rio Grande - MG,1000.0
3150406,Piedade dos Gerais - MG,927.2
3150505,Pimenta - MG,1212.0
3150539,Pingo-d'Água - MG,706.0
3150570,Pintópolis - MG,620.0
3150604,Piracema - MG,1093.33
3150703,Pirajuba - MG,1115.0
3150802,Piranga - MG,731.0
3150901,Piranguçu - MG,904.0
3151008,Piranguinho - MG,1106.0
3151107,Pirapetinga - MG,1000.0
3151206,Pirapora - MG,906.0
3151305,Piraúba - MG,975.0
3151404,Pitangui - MG,1025.0
3151503,Piumhi - MG,1212.0
3151602,Planura - MG,1050.0
3151701,Poço Fundo - MG,1200.0
3151800,Poços de Caldas - MG,1374.67
3151909,Pocrane - MG,803.0
3152006,Pompéu - MG,1037.33
3152105,Ponte Nova - MG,1075.0
3152131,Ponto Chique - MG,606.0
3152170,Ponto dos Volantes - MG,529.5
3152204,Porteirinha - MG,678.25
3152303,Porto Firme - MG,800.0
3152402,Poté - MG,604.0
3152501,Pouso Alegre - MG,1250.0
3152600,Pouso Alto - MG,1000.0
3152709,Prados - MG,969.6
3152808,Prata - MG,1200.0
3152907,Pratápolis - MG,1200.0
3153004,Pratinha - MG,1007.33
3153103,Presidente Bernardes - MG,808.0
3153202,Presidente Juscelino - MG,808.0
3153301,Presidente Kubitschek - MG,606.0
3153400,Presidente Olegário - MG,1212.0
3153509,Alto Jequitibá - MG,904.0
3153608,Prudente de Morais - MG,931.75
3153707,Quartel Geral - MG,969.6
3153806,Queluzito - MG,1074.67
3153905,Raposos - MG,1100.0
3154002,Raul Soares - MG,900.0
3154101,Recreio - MG,1008.0
3154150,Reduto - MG,900.0
3154200,Resende Costa - MG,969.6
3154309,Resplendor - MG,800.0
3154408,Ressaquinha - MG,925.0
3154457,Riachinho - MG,870.67
3154507,Riacho dos Machados - MG,706.0
3154606,Ribeirão das Neves - MG,906.0
3154705,Ribeirão Vermelho - MG,1125.0
3154804,Rio Acima - MG,1100.75
3154903,Rio Casca - MG,904.0
3155009,Rio Doce - MG,1022.5
3155108,Rio do Prado - MG,622.4
3155207,Rio Espera - MG,800.0
3155306,Rio Manso - MG,1150.0
3155405,Rio Novo - MG,969.6
3155504,Rio Paranaíba - MG,1042.4
3155603,Rio Pardo de Minas - MG,604.0
3155702,Rio Piracicaba - MG,1000.0
3155801,Rio Pomba - MG,1012.5
3155900,Rio Preto - MG,900.0
3156007,Rio Vermelho - MG,664.8
3156106,Ritápolis - MG,974.67
3156205,Rochedo de Minas - MG,937.5
3156304,Rodeiro - MG,981.0
3156403,Romaria - MG,1095.0
3156452,Rosário da Limeira - MG,969.6
3156502,Rubelita - MG,606.0
3156601,Rubim - MG,605.45
3156700,Sabará - MG,1125.0
3156809,Sabinópolis - MG,779.33
3156908,Sacramento - MG,1212.0
3157005,Salinas - MG,747.2
3157104,Salto da Divisa - MG,606.0
3157203,Santa Bárbara - MG,973.0
3157252,Santa Bárbara do Leste - MG,909.0
3157278,Santa Bárbara do Monte Verde - MG,750.0
3157302,Santa Bárbara do Tugúrio - MG,875.0
3157336,Santa Cruz de Minas - MG,909.0
3157377,Santa Cruz de Salinas - MG,606.0
3157401,Santa Cruz do Escalvado - MG,779.5
3157500,Santa Efigênia de Minas - MG,760.0
3157609,Santa Fé de Minas - MG,727.2
3157658,Santa Helena de Minas - MG,478.0
3157708,Santa Juliana - MG,1212.0
3157807,Santa Luzia - MG,981.0
3157906,Santa Margarida - MG,684.8
3158003,Santa Maria de Itabira - MG,904.0
3158102,Santa Maria do Salto - MG,606.0
3158201,Santa Maria do Suaçuí - MG,780.0
3158300,Santana da Vargem - MG,1212.0
3158409,Santana de Cataguases - MG,909.0
3158508,Santana de Pirapama - MG,706.0
3158607,Santana do Deserto - MG,924.8
3158706,Santana do Garambéu - MG,866.67
3158805,Santana do Jacaré - MG,1066.67
3158904,Santana do Manhuaçu - MG,606.0
3158953,Santana do Paraíso - MG,1053.0
3159001,Santana do Riacho - MG,1000.0
3159100,Santana dos Montes - MG,768.67
3159209,Santa Rita de Caldas - MG,1200.0
3159308,Santa Rita de Jacutinga - MG,904.0
3159357,Santa Rita de Minas - MG,808.0
3159407,Santa Rita de Ibitipoca - MG,746.0
3159506,Santa Rita do Itueto - MG,870.67
3159605,Santa Rita do Sapucaí - MG,1212.0
3159704,Santa Rosa da Serra - MG,944.33
3159803,Santa Vitória - MG,1200.0
3159902,Santo Antônio do Amparo - MG,937.5
3160009,Santo Antônio do Aventureiro - MG,1008.0
3160108,Santo Antônio do Grama - MG,928.0
3160207,Santo Antônio do Itambé - MG,500.0
3160306,Santo Antônio do Jacinto - MG,600.0
3160405,Santo Antônio do Monte - MG,1125.0
3160454,Santo Antônio do Retiro - MG,606.0
3160504,Santo Antônio do Rio Abaixo - MG,909.0
3160603,Santo Hipólito - MG,756.0
3160702,Santos Dumont - MG,903.43
3160801,São Bento Abade - MG,875.0
3160900,São Brás do Suaçuí - MG,1210.0
3160959,São Domingos das Dores - MG,844.8
3161007,São Domingos do Prata - MG,875.0
3161056,São Félix de Minas - MG,807.2
3161106,São Francisco - MG,570.67
3161205,São Francisco de Paula - MG,1000.0
3161304,São Francisco de Sales - MG,1050.0
3161403,São Francisco do Glória - MG,1004.0
3161502,São Geraldo - MG,904.8
3161601,São Geraldo da Piedade - MG,800.0
3161650,São Geraldo do Baixio - MG,800.0
3161700,São Gonçalo do Abaeté - MG,900.0
3161809,São Gonçalo do Pará - MG,1180.0
3161908,São Gonçalo do Rio Abaixo - MG,1000.0
3162005,São Gonçalo do Sapucaí - MG,933.33
3162104,São Gotardo - MG,1212.0
3162203,São João Batista do Glória - MG,1200.0
3162252,São João da Lagoa - MG,703.0
3162302,São João da Mata - MG,856.0
3162401,São João da Ponte - MG,606.0
3162450,São João das Missões - MG,524.8
3162500,São João del Rei - MG,1212.0
3162559,São João do Manhuaçu - MG,666.0
3162575,São João do Manteninha - MG,928.0
3162609,São João do Oriente - MG,850.0
3162658,São João do Pacuí - MG,564.8
3162708,São João do Paraíso - MG,700.0
3162807,São João Evangelista - MG,704.0
3162906,São João Nepomuceno - MG,1057.5
3162922,São Joaquim de Bicas - MG,875.0
3162948,São José da Barra - MG,1070.67
3162955,São José da Lapa - MG,1070.67
3163003,São José da Safira - MG,650.0
3163102,São José da Varginha - MG,1000.0
3163201,São José do Alegre - MG,622.67
3163300,São José do Divino - MG,750.0
3163409,São José do Goiabal - MG,953.0
3163508,São José do Jacuri - MG,606.0
3163607,São José do Mantimento - MG,933.33
3163706,São Lourenço - MG,1212.0
3163805,São Miguel do Anta - MG,850.0
3163904,São Pedro da União - MG,1210.0
3164001,São Pedro dos Ferros - MG,820.67
3164100,São Pedro do Suaçuí - MG,804.0
3164209,São Romão - MG,553.0
3164308,São Roque de Minas - MG,1250.0
3164407,São Sebastião da Bela Vista - MG,1000.0
3164431,São Sebastião da Vargem Alegre - MG,1000.0
3164472,São Sebastião do Anta - MG,781.0
3164506,São Sebastião do Maranhão - MG,600.0
3164605,São Sebastião do Oeste - MG,1133.33
3164704,São Sebastião do Paraíso - MG,1204.0
3164803,São Sebastião do Rio Preto - MG,900.0
3164902,São Sebastião do Rio Verde - MG,983.33
3165008,São Tiago - MG,1136.31
3165107,São Tomás de Aquino - MG,1038.5
3165206,São Tomé das Letras - MG,1022.4
3165305,São Vicente de Minas - MG,1000.0
3165404,Sapucaí-Mirim - MG,1000.0
3165503,Sardoá - MG,625.0
3165537,Sarzedo - MG,1101.0
3165552,Setubinha - MG,606.0
3165560,Sem-Peixe - MG,969.6
3165578,Senador Amaral - MG,1000.0
3165602,Senador Cortes - MG,909.0
3165701,Senador Firmino - MG,1000.0
3165800,Senador José Bento - MG,1133.33
3165909,Senador Modestino Gonçalves - MG,799.2
3166006,Senhora de Oliveira - MG,666.67
3166105,Senhora do Porto - MG,733.33
3166204,Senhora dos Remédios - MG,783.11
3166303,Sericita - MG,803.0
3166402,Seritinga - MG,969.6
3166501,Serra Azul de Minas - MG,600.0
3166600,Serra da Saudade - MG,1212.0
3166709,Serra dos Aimorés - MG,750.0
3166808,Serra do Salitre - MG,1204.0
3166907,Serrania - MG,969.6
3166956,Serranópolis de Minas - MG,650.0
3167004,Serranos - MG,909.0
3167103,Serro - MG,613.0
3167202,Sete Lagoas - MG,1200.0
3167301,Silveirânia - MG,976.67
3167400,Silvianópolis - MG,1200.0
3167509,Simão Pereira - MG,870.67
3167608,Simonésia - MG,790.86
3167707,Sobrália - MG,870.67
3167806,Soledade de Minas - MG,1000.0
3167905,Tabuleiro - MG,856.0
3168002,Taiobeiras - MG,800.0
3168051,Taparuba - MG,750.0
3168101,Tapira - MG,1133.33
3168200,Tapiraí - MG,1150.0
3168309,Taquaraçu de Minas - MG,825.0
3168408,Tarumirim - MG,808.0
3168507,Teixeiras - MG,969.6
3168606,Teófilo Otoni - MG,848.4
3168705,Timóteo - MG,1212.0
3168804,Tiradentes - MG,1204.8
3168903,Tiros - MG,1212.0
3169000,Tocantins - MG,1000.0
3169059,Tocos do Moji - MG,1200.0
3169109,Toledo - MG,1033.33
3169208,Tombos - MG,1000.0
3169307,Três Corações - MG,1000.0
3169356,Três Marias - MG,1004.0
3169406,Três Pontas - MG,1083.33
3169505,Tumiritinga - MG,750.0
3169604,Tupaciguara - MG,1166.67
3169703,Turmalina - MG,808.0
3169802,Turvolândia - MG,900.0
3169901,Ubá - MG,1150.0
3170008,Ubaí - MG,550.0
3170057,Ubaporanga - MG,906.0
3170107,Uberaba - MG,1300.0
3170206,Uberlândia - MG,1333.33
3170305,Umburatiba - MG,700.0
3170404,Unaí - MG,1212.0
3170438,União de Minas - MG,1062.4
3170479,Uruana de Minas - MG,833.33
3170503,Urucânia - MG,906.0
3170529,Urucuia - MG,575.0
3170578,Vargem Alegre - MG,808.0
3170602,Vargem Bonita - MG,1212.0
3170651,Vargem Grande do Rio Pardo - MG,750.0
3170701,Varginha - MG,1240.0
3170750,Varjão de Minas - MG,1125.0
3170800,Várzea da Palma - MG,808.0
3170909,Varzelândia - MG,583.33
3171006,Vazante - MG,1212.0
3171030,Verdelândia - MG,606.0
3171071,Veredinha - MG,737.33
3171105,Veríssimo - MG,1000.0
3171154,Vermelho Novo - MG,700.0
3171204,Vespasiano - MG,1000.0
3171303,Viçosa - MG,1130.0
3171402,Vieiras - MG,974.67
3171501,Mathias Lobato - MG,708.0
3171600,Virgem da Lapa - MG,756.0
3171709,Virgínia - MG,828.0
3171808,Virginópolis - MG,823.33
3171907,Virgolândia - MG,666.67
3172004,Visconde do Rio Branco - MG,1106.0
3172103,Volta Grande - MG,828.0
3172202,Wenceslau Braz - MG,928.36
3200102,Afonso Cláudio - ES,900.0
3200136,Águia Branca - ES,890.0
3200169,Água Doce do Norte - ES,775.0
3200201,Alegre - ES,900.0
3200300,Alfredo Chaves - ES,1212.0
3200359,Alto Rio Novo - ES,922.4
3200409,Anchieta - ES,1000.0
3200508,Apiacá - ES,808.0
3200607,Aracruz - ES,1070.67
3200706,Atílio Vivácqua - ES,900.0
3200805,Baixo Guandu - ES,981.0
3200904,Barra de São Francisco - ES,931.0
3201001,Boa Esperança - ES,906.0
3201100,Bom Jesus do Norte - ES,904.0
3201159,Brejetuba - ES,800.0
3201209,Cachoeiro de Itapemirim - ES,1170.67
3201308,Cariacica - ES,978.0
3201407,Castelo - ES,1212.0
3201506,Colatina - ES,1212.0
3201605,Conceição da Barra - ES,770.67
3201704,Conceição do Castelo - ES,1100.0
3201803,Divino de São Lourenço - ES,808.0
3201902,Domingos Martins - ES,1166.67
3202009,Dores do Rio Preto - ES,900.0
3202108,Ecoporanga - ES,808.0
3202207,Fundão - ES,1040.0
3202256,Governador Lindenberg - ES,1100.0
3202306,Guaçuí - ES,891.33
3202405,Guarapari - ES,1070.67
3202454,Ibatiba - ES,845.0
3202504,Ibiraçu - ES,1100.0
3202553,Ibitirama - ES,700.0
3202603,Iconha - ES,1200.0
3202652,Irupi - ES,1000.0
3202702,Itaguaçu - ES,1070.67
3202801,Itapemirim - ES,778.0
3202900,Itarana - ES,1200.0
3203007,Iúna - ES,866.67
3203056,Jaguaré - ES,933.33
3203106,Jerônimo Monteiro - ES,953.0
3203130,João Neiva - ES,1200.0
3203163,Laranja da Terra - ES,1053.0
3203205,Linhares - ES,1066.67
3203304,Mantenópolis - ES,837.33
3203320,Marataízes - ES,856.0
3203346,Marechal Floriano - ES,1167.5
3203353,Marilândia - ES,1212.0
3203403,Mimoso do Sul - ES,852.0
3203502,Montanha - ES,833.33
3203601,Mucurici - ES,726.0
3203700,Muniz Freire - ES,800.0
3203809,Muqui - ES,1070.67
3203908,Nova Venécia - ES,1100.0
3204005,Pancas - ES,822.4
3204054,Pedro Canário - ES,807.2
3204104,Pinheiros - ES,842.4
3204203,Piúma - ES,904.0
3204252,Ponto Belo - ES,637.33
3204302,Presidente Kennedy - ES,806.0
3204351,Rio Bananal - ES,933.33
3204401,Rio Novo do Sul - ES,982.4
3204500,Santa Leopoldina - ES,909.0
3204559,Santa Maria de Jetibá - ES,1075.0
3204609,Santa Teresa - ES,1227.2
3204658,São Domingos do Norte - ES,1000.0
3204708,São Gabriel da Palha - ES,1098.33
3204807,São José do Calçado - ES,933.33
3204906,São Mateus - ES,975.0
3204955,São Roque do Canaã - ES,1127.2
3205002,Serra - ES,1100.0
3205010,Sooretama - ES,908.0
3205036,Vargem Alta - ES,1080.0
3205069,Venda Nova do Imigrante - ES,1212.0
3205101,Viana - ES,960.0
3205150,Vila Pavão - ES,808.0
3205176,Vila Valério - ES,1000.0
3205200,Vila Velha - ES,1306.0
3205309,Vitória - ES,1750.0
3300100,Angra dos Reis - RJ,1000.0
3300159,Aperibé - RJ,1166.67
3300209,Araruama - RJ,904.0
3300225,Areal - RJ,941.33
3300233,Armação dos Búzios - RJ,1166.67
3300258,Arraial do Cabo - RJ,1066.67
3300308,Barra do Piraí - RJ,1103.0
3300407,Barra Mansa - RJ,1034.0
3300456,Belford Roxo - RJ,700.0
3300506,Bom Jardim - RJ,1007.2
3300605,Bom Jesus do Itabapoana - RJ,1050.0
3300704,Cabo Frio - RJ,1000.0
3300803,Cachoeiras de Macacu - RJ,813.75
3300902,Cambuci - RJ,942.4
3300936,Carapebus - RJ,833.33
3300951,Comendador Levy Gasparian - RJ,933.33
3301009,Campos dos Goytacazes - RJ,824.8
3301108,Cantagalo - RJ,808.0
3301157,Cardoso Moreira - RJ,833.33
3301207,Carmo - RJ,909.0
3301306,Casimiro de Abreu - RJ,1000.0
3301405,Conceição de Macabu - RJ,900.0
3301504,Cordeiro - RJ,1000.0
3301603,Duas Barras - RJ,850.0
3301702,Duque de Caxias - RJ,806.0
3301801,Engenheiro Paulo de Frontin - RJ,950.0
3301850,Guapimirim - RJ,818.67
3301876,Iguaba Grande - RJ,1066.67
3301900,Itaboraí - RJ,833.33
3302007,Itaguaí - RJ,840.0
3302056,Italva - RJ,925.0
3302106,Itaocara - RJ,1100.0
3302205,Itaperuna - RJ,1128.0
3302254,Itatiaia - RJ,1050.0
3302270,Japeri - RJ,606.0
3302304,Laje do Muriaé - RJ,849.6
3302403,Macaé - RJ,1100.0
3302452,Macuco - RJ,903.0
3302502,Magé - RJ,792.86
3302601,Mangaratiba - RJ,1016.67
3302700,Maricá - RJ,1200.0
3302809,Mendes - RJ,1008.0
3302858,Mesquita - RJ,803.0
3302908,Miguel Pereira - RJ,1212.0
3303005,Miracema - RJ,920.0
3303104,Natividade - RJ,1019.67
3303203,Nilópolis - RJ,980.0
3303302,Niterói - RJ,2000.0
3303401,Nova Friburgo - RJ,1212.0
3303500,Nova Iguaçu - RJ,760.0
3303609,Paracambi - RJ,1000.0
3303708,Paraíba do Sul - RJ,870.67
3303807,Paraty - RJ,1100.0
3303856,Paty do Alferes - RJ,860.0
3303906,Petrópolis - RJ,1206.0
3303955,Pinheiral - RJ,1000.0
3304003,Piraí - RJ,1050.0
3304102,Porciúncula - RJ,956.0
3304110,Porto Real - RJ,935.0
3304128,Quatis - RJ,944.57
3304144,Queimados - RJ,700.0
3304151,Quissamã - RJ,780.0
3304201,Resende - RJ,1212.0
3304300,Rio Bonito - RJ,1025.0
3304409,Rio Claro - RJ,975.0
3304508,Rio das Flores - RJ,862.4
3304524,Rio das Ostras - RJ,1212.0
3304557,Rio de Janeiro - RJ,1212.0
3304607,Santa Maria Madalena - RJ,951.0
3304706,Santo Antônio de Pádua - RJ,942.4
3304755,São Francisco de Itabapoana - RJ,666.67
3304805,São Fidélis - RJ,900.0
3304904,São Gonçalo - RJ,909.0
3305000,São João da Barra - RJ,733.33
3305109,São João de Meriti - RJ,820.0
3305133,São José de Ubá - RJ,940.5
3305158,São José do Vale do Rio Preto - RJ,909.0
3305208,São Pedro da Aldeia - RJ,1000.0
3305307,São Sebastião do Alto - RJ,856.0
3305406,Sapucaia - RJ,984.0
3305505,Saquarema - RJ,1000.0
3305554,Seropédica - RJ,800.0
3305604,Silva Jardim - RJ,806.0
3305703,Sumidouro - RJ,1004.0
3305752,Tanguá - RJ,750.0
3305802,Teresópolis - RJ,1166.67
3305901,Trajano de Moraes - RJ,808.0
3306008,Três Rios - RJ,1000.0
3306107,Valença - RJ,1003.33
3306156,Varre-Sai - RJ,800.0
3306206,Vassouras - RJ,1000.5
3306305,Volta Redonda - RJ,1222.22
3500105,Adamantina - SP,1337.33
3500204,Adolfo - SP,1212.0
3500303,Aguaí - SP,1016.67
3500402,Águas da Prata - SP,1300.0
3500501,Águas de Lindóia - SP,1356.0
3500550,Águas de Santa Bárbara - SP,1337.33
3500600,Águas de São Pedro - SP,2040.0
3500709,Agudos - SP,1212.0
3500758,Alambari - SP,1050.0
3500808,Alfredo Marcondes - SP,1212.0
3500907,Altair - SP,1200.0
3501004,Altinópolis - SP,1166.67
3501103,Alto Alegre - SP,1210.0
3501152,Alumínio - SP,1225.0
3501202,Álvares Florence - SP,1200.0
3501301,Álvares Machado - SP,1150.0
3501400,Álvaro de Carvalho - SP,950.0
3501509,Alvinlândia - SP,916.5
3501608,Americana - SP,1666.67
3501707,Américo Brasiliense - SP,1064.29
3501806,Américo de Campos - SP,1212.0
3501905,Amparo - SP,1462.5
3502002,Analândia - SP,1210.0
3502101,Andradina - SP,1258.33
3502200,Angatuba - SP,1176.0
3502309,Anhembi - SP,962.5
3502408,Anhumas - SP,1078.0
3502507,Aparecida - SP,1106.5
3502606,Aparecida d'Oeste - SP,1200.0
3502705,Apiaí - SP,900.0
3502754,Araçariguama - SP,1100.0
3502804,Araçatuba - SP,1350.0
3502903,Araçoiaba da Serra - SP,1300.0
3503000,Aramina - SP,1212.0
3503109,Arandu - SP,1050.0
3503158,Arapeí - SP,857.0
3503208,Araraquara - SP,1356.0
3503307,Araras - SP,1350.0
3503356,Arco-Íris - SP,1040.0
3503406,Arealva - SP,1237.33
3503505,Areias - SP,866.67
3503604,Areiópolis - SP,1120.0
3503703,Ariranha - SP,1250.0
3503802,Artur Nogueira - SP,1237.33
3503901,Arujá - SP,1206.0
3503950,Aspásia - SP,1212.0
3504008,Assis - SP,1407.2
3504107,Atibaia - SP,1470.0
3504206,Auriflama - SP,1212.0
3504305,Avaí - SP,1032.4
3504404,Avanhandava - SP,1000.0
3504503,Avaré - SP,1212.0
3504602,Bady Bassitt - SP,1400.0
3504701,Balbinos - SP,1228.0
3504800,Bálsamo - SP,1212.0
3504909,Bananal - SP,933.33
3505005,Barão de Antonina - SP,808.0
3505104,Barbosa - SP,906.0
3505203,Bariri - SP,1314.67
3505302,Barra Bonita - SP,1380.0
3505351,Barra do Chapéu - SP,700.0
3505401,Barra do Turvo - SP,806.0
3505500,Barretos - SP,1328.0
3505609,Barrinha - SP,1133.33
3505708,Barueri - SP,1302.4
3505807,Bastos - SP,1178.0
3505906,Batatais - SP,1296.0
3506003,Bauru - SP,1400.0
3506102,Bebedouro - SP,1250.0
3506201,Bento de Abreu - SP,1212.0
3506300,Bernardino de Campos - SP,1133.33
3506359,Bertioga - SP,1000.0
3506409,Bilac - SP,1300.0
3506508,Birigui - SP,1256.0
3506607,Biritiba Mirim - SP,1000.0
3506706,Boa Esperança do Sul - SP,1044.8
3506805,Bocaina - SP,1250.0
3506904,Bofete - SP,1176.0
3507001,Boituva - SP,1266.67
3507100,Bom Jesus dos Perdões - SP,1206.0
3507159,Bom Sucesso de Itararé - SP,866.67
3507209,Borá - SP,1200.0
3507308,Boracéia - SP,1125.0
3507407,Borborema - SP,1200.0
3507456,Borebi - SP,1060.0
3507506,Botucatu - SP,1333.33
3507605,Bragança Paulista - SP,1337.33
3507704,Braúna - SP,1150.0
3507753,Brejo Alegre - SP,1165.67
3507803,Brodowski - SP,1273.33
3507902,Brotas - SP,1100.0
3508009,Buri - SP,720.0
3508108,Buritama - SP,1200.0
3508207,Buritizal - SP,1250.0
3508306,Cabrália Paulista - SP,1050.0
3508405,Cabreúva - SP,1212.0
3508504,Caçapava - SP,1141.33
3508603,Cachoeira Paulista - SP,928.0
3508702,Caconde - SP,1025.0
3508801,Cafelândia - SP,1200.0
3508900,Caiabu - SP,1200.0
3509007,Caieiras - SP,1200.0
3509106,Caiuá - SP,1000.0
3509205,Cajamar - SP,1212.0
3509254,Cajati - SP,873.86
3509304,Cajobi - SP,1212.0
3509403,Cajuru - SP,1093.33
3509452,Campina do Monte Alegre - SP,1070.67
3509502,Campinas - SP,1500.0
3509601,Campo Limpo Paulista - SP,1200.0
3509700,Campos do Jordão - SP,1212.0
3509809,Campos Novos Paulista - SP,1025.0
3509908,Cananéia - SP,981.0
3509957,Canas - SP,853.0
3510005,Cândido Mota - SP,1208.0
3510104,Cândido Rodrigues - SP,1212.0
3510153,Canitar - SP,1040.0
3510203,Capão Bonito - SP,906.0
3510302,Capela do Alto - SP,808.0
3510401,Capivari - SP,1175.0
3510500,Caraguatatuba - SP,1050.0
3510609,Carapicuíba - SP,1068.25
3510708,Cardoso - SP,1212.0
3510807,Casa Branca - SP,1200.0
3510906,Cássia dos Coqueiros - SP,1200.0
3511003,Castilho - SP,1125.0
3511102,Catanduva - SP,1400.0
3511201,Catiguá - SP,1212.0
3511300,Cedral - SP,1356.0
3511409,Cerqueira César - SP,1150.0
3511508,Cerquilho - SP,1375.0
3511607,Cesário Lange - SP,1067.33
3511706,Charqueada - SP,1200.0
3511904,Clementina - SP,1133.33
3512001,Colina - SP,1212.0
3512100,Colômbia - SP,1070.67
3512209,Conchal - SP,1075.0
3512308,Conchas - SP,1200.0
3512407,Cordeirópolis - SP,1346.75
3512506,Coroados - SP,1210.0
3512605,Coronel Macedo - SP,1000.67
3512704,Corumbataí - SP,1236.0
3512803,Cosmópolis - SP,1250.0
3512902,Cosmorama - SP,1202.4
3513009,Cotia - SP,1308.0
3513108,Cravinhos - SP,1212.0
3513207,Cristais Paulista - SP,1200.0
3513306,Cruzália - SP,1200.0
3513405,Cruzeiro - SP,1084.8
3513504,Cubatão - SP,960.0
3513603,Cunha - SP,900.0
3513702,Descalvado - SP,1333.33
3513801,Diadema - SP,1180.0
3513850,Dirce Reis - SP,1212.0
3513900,Divinolândia - SP,1227.2
3514007,Dobrada - SP,1100.0
3514106,Dois Córregos - SP,1025.0
3514205,Dolcinópolis - SP,1200.0
3514304,Dourado - SP,1315.0
3514403,Dracena - SP,1356.0
3514502,Duartina - SP,1212.0
3514601,Dumont - SP,1266.67
3514700,Echaporã - SP,1100.0
3514809,Eldorado - SP,800.0
3514908,Elias Fausto - SP,1100.0
3514924,Elisiário - SP,1212.0
3514957,Embaúba - SP,1212.0
3515004,Embu das Artes - SP,970.67
3515103,Embu-Guaçu - SP,1000.0
3515129,Emilianópolis - SP,1166.67
3515152,Engenheiro Coelho - SP,1175.0
3515186,Espírito Santo do Pinhal - SP,1360.4
3515194,Espírito Santo do Turvo - SP,966.67
3515202,Estrela d'Oeste - SP,1300.0
3515301,Estrela do Norte - SP,1088.0
3515350,Euclides da Cunha Paulista - SP,882.4
3515400,Fartura - SP,1166.67
3515509,Fernandópolis - SP,1325.0
3515608,Fernando Prestes - SP,1257.0
3515657,Fernão - SP,1050.0
3515707,Ferraz de Vasconcelos - SP,968.0
3515806,Flora Rica - SP,1200.0
3515905,Floreal - SP,1212.0
3516002,Flórida Paulista - SP,1020.0
3516101,Florínea - SP,1125.0
3516200,Franca - SP,1250.0
3516309,Francisco Morato - SP,833.33
3516408,Franco da Rocha - SP,1076.0
3516507,Gabriel Monteiro - SP,1356.0
3516606,Gália - SP,1180.0
3516705,Garça - SP,1212.0
3516804,Gastão Vidigal - SP,1165.0
3516853,Gavião Peixoto - SP,1200.0
3516903,General Salgado - SP,1212.0
3517000,Getulina - SP,1000.0
3517109,Glicério - SP,1066.67
3517208,Guaiçara - SP,1033.33
3517307,Guaimbê - SP,1000.0
3517406,Guaíra - SP,1250.0
3517505,Guapiaçu - SP,1325.0
3517604,Guapiara - SP,750.0
3517703,Guará - SP,1053.0
3517802,Guaraçaí - SP,1212.0
3517901,Guaraci - SP,1153.0
3518008,Guarani d'Oeste - SP,1066.67
3518107,Guarantã - SP,1014.29
3518206,Guararapes - SP,1200.0
3518305,Guararema - SP,1137.33
3518404,Guaratinguetá - SP,1212.0
3518503,Guareí - SP,1141.33
3518602,Guariba - SP,1040.2
3518701,Guarujá - SP,1000.33
3518800,Guarulhos - SP,1133.33
3518859,Guatapará - SP,1112.5
3518909,Guzolândia - SP,1000.0
3519006,Herculândia - SP,1000.0
3519055,Holambra - SP,1633.33
3519071,Hortolândia - SP,1233.33
3519105,Iacanga - SP,1100.33
3519204,Iacri - SP,1058.4
3519253,Iaras - SP,1000.0
3519303,Ibaté - SP,1000.0
3519402,Ibirá - SP,1306.0
3519501,Ibirarema - SP,1131.0
3519600,Ibitinga - SP,1200.0
3519709,Ibiúna - SP,1000.0
3519808,Icém - SP,1200.0
3519907,Iepê - SP,1133.33
3520004,Igaraçu do Tietê - SP,1133.33
3520103,Igarapava - SP,1200.0
3520202,Igaratá - SP,1033.33
3520301,Iguape - SP,1000.0
3520400,Ilhabela - SP,1350.0
3520426,Ilha Comprida - SP,1000.0
3520442,Ilha Solteira - SP,1480.0
3520509,Indaiatuba - SP,1666.67
3520608,Indiana - SP,1246.0
3520707,Indiaporã - SP,1200.0
3520806,Inúbia Paulista - SP,1212.0
3520905,Ipaussu - SP,1100.0
3521002,Iperó - SP,1000.8
3521101,Ipeúna - SP,1303.0
3521150,Ipiguá - SP,1106.0
3521200,Iporanga - SP,742.4
3521309,Ipuã - SP,1178.0
3521408,Iracemápolis - SP,1450.0
3521507,Irapuã - SP,1200.0
3521606,Irapuru - SP,1125.0
3521705,Itaberá - SP,948.0
3521804,Itaí - SP,1033.33
3521903,Itajobi - SP,1212.0
3522000,Itaju - SP,1122.5
3522109,Itanhaém - SP,950.0
3522158,Itaoca - SP,706.0
3522208,Itapecerica da Serra - SP,935.0
3522307,Itapetininga - SP,1200.0
3522406,Itapeva - SP,1000.0
3522505,Itapevi - SP,875.0
3522604,Itapira - SP,1340.0
3522653,Itapirapuã Paulista - SP,830.0
3522703,Itápolis - SP,1300.0
3522802,Itaporanga - SP,980.8
3522901,Itapuí - SP,1200.0
3523008,Itapura - SP,1000.0
3523107,Itaquaquecetuba - SP,900.0
3523206,Itararé - SP,970.67
3523305,Itariri - SP,750.0
3523404,Itatiba - SP,1550.0
3523503,Itatinga - SP,1100.0
3523602,Itirapina - SP,1200.0
3523701,Itirapuã - SP,1037.33
3523800,Itobi - SP,1200.0
3523909,Itu - SP,1300.0
3524006,Itupeva - SP,1400.0
3524105,Ituverava - SP,1233.33
3524204,Jaborandi - SP,1237.33
3524303,Jaboticabal - SP,1333.33
3524402,Jacareí - SP,1233.33
3524501,Jaci - SP,1200.0
3524600,Jacupiranga - SP,900.0
3524709,Jaguariúna - SP,1433.33
3524808,Jales - SP,1500.0
3524907,Jambeiro - SP,1178.0
3525003,Jandira - SP,1175.0
3525102,Jardinópolis - SP,1200.0
3525201,Jarinu - SP,1031.0
3525300,Jaú - SP,1300.0
3525409,Jeriquara - SP,1186.67
3525508,Joanópolis - SP,1250.0
3525607,João Ramalho - SP,1000.0
3525706,José Bonifácio - SP,1302.4
3525805,Júlio Mesquita - SP,1025.0
3525854,Jumirim - SP,1140.0
3525904,Jundiaí - SP,1810.0
3526001,Junqueirópolis - SP,1237.33
3526100,Juquiá - SP,845.0
3526209,Juquitiba - SP,800.0
3526308,Lagoinha - SP,1100.0
3526407,Laranjal Paulista - SP,1200.0
3526506,Lavínia - SP,1212.0
3526605,Lavrinhas - SP,880.0
3526704,Leme - SP,1200.0
3526803,Lençóis Paulista - SP,1375.0
3526902,Limeira - SP,1333.33
3527009,Lindóia - SP,1250.0
3527108,Lins - SP,1333.33
3527207,Lorena - SP,1166.67
3527256,Lourdes - SP,1212.0
3527306,Louveira - SP,1400.0
3527405,Lucélia - SP,1226.0
3527504,Lucianópolis - SP,1212.0
3527603,Luís Antônio - SP,1066.67
3527702,Luiziânia - SP,1075.0
3527801,Lupércio - SP,866.67
3527900,Lutécia - SP,1212.0
3528007,Macatuba - SP,1244.8
3528106,Macaubal - SP,1212.0
3528205,Macedônia - SP,1200.0
3528304,Magda - SP,1212.0
3528403,Mairinque - SP,1240.0
3528502,Mairiporã - SP,1200.0
3528601,Manduri - SP,1212.0
3528700,Marabá Paulista - SP,885.0
3528809,Maracaí - SP,1200.0
3528858,Marapoama - SP,1250.0
3528908,Mariápolis - SP,1200.0
3529005,Marília - SP,1375.0
3529104,Marinópolis - SP,1200.0
3529203,Martinópolis - SP,1133.33
3529302,Matão - SP,1307.67
3529401,Mauá - SP,1200.0
3529500,Mendonça - SP,1366.67
3529609,Meridiano - SP,1212.0
3529658,Mesópolis - SP,1066.67
3529708,Miguelópolis - SP,1066.67
3529807,Mineiros do Tietê - SP,1066.67
3529906,Miracatu - SP,813.0
3530003,Mira Estrela - SP,1212.0
3530102,Mirandópolis - SP,1212.0
3530201,Mirante do Paranapanema - SP,900.0
3530300,Mirassol - SP,1433.33
3530409,Mirassolândia - SP,1066.67
3530508,Mococa - SP,1212.0
3530607,Mogi das Cruzes - SP,1200.0
3530706,Mogi Guaçu - SP,1300.0
3530805,Mogi Mirim - SP,1375.0
3530904,Mombuca - SP,1000.0
3531001,Monções - SP,1100.0
3531100,Mongaguá - SP,1000.0
3531209,Monte Alegre do Sul - SP,1380.0
3531308,Monte Alto - SP,1466.67
3531407,Monte Aprazível - SP,1290.0
3531506,Monte Azul Paulista - SP,1250.0
3531605,Monte Castelo - SP,1200.0
3531704,Monteiro Lobato - SP,1031.43
3531803,Monte Mor - SP,1062.75
3531902,Morro Agudo - SP,1120.0
3532009,Morungaba - SP,1250.0
3532058,Motuca - SP,1212.0
3532108,Murutinga do Sul - SP,1212.0
3532157,Nantes - SP,1000.0
3532207,Narandiba - SP,1150.0
3532306,Natividade da Serra - SP,828.57
3532405,Nazaré Paulista - SP,1066.67
3532504,Neves Paulista - SP,1350.0
3532603,Nhandeara - SP,1212.0
3532702,Nipoã - SP,1150.0
3532801,Nova Aliança - SP,1266.67
3532827,Nova Campina - SP,775.0
3532843,Nova Canaã Paulista - SP,1212.0
3532868,Nova Castilho - SP,1250.0
3532900,Nova Europa - SP,1002.6
3533007,Nova Granada - SP,1212.0
3533106,Nova Guataporanga - SP,1166.67
3533205,Nova Independência - SP,1133.33
3533254,Novais - SP,1000.0
3533304,Nova Luzitânia - SP,1033.33
3533403,Nova Odessa - SP,1500.0
3533502,Novo Horizonte - SP,1212.0
3533601,Nuporanga - SP,1333.33
3533700,Ocauçu - SP,1050.0
3533809,Óleo - SP,1200.0
3533908,Olímpia - SP,1250.0
3534005,Onda Verde - SP,1200.0
3534104,Oriente - SP,1230.0
3534203,Orindiúva - SP,1212.0
3534302,Orlândia - SP,1266.67
3534401,Osasco - SP,1250.25
3534500,Oscar Bressane - SP,1212.0
3534609,Osvaldo Cruz - SP,1212.0
3534708,Ourinhos - SP,1250.0
3534757,Ouroeste - SP,1212.0
3534807,Ouro Verde - SP,950.0
3534906,Pacaembu - SP,1212.0
3535002,Palestina - SP,1212.0
3535101,Palmares Paulista - SP,1103.0
3535200,Palmeira d'Oeste - SP,1212.0
3535309,Palmital - SP,1200.0
3535408,Panorama - SP,1066.67
3535507,Paraguaçu Paulista - SP,1166.67
3535606,Paraibuna - SP,1033.33
3535705,Paraíso - SP,1333.33
3535804,Paranapanema - SP,1100.0
3535903,Paranapuã - SP,1200.0
3536000,Parapuã - SP,1200.0
3536109,Pardinho - SP,1230.0
3536208,Pariquera-Açu - SP,1013.33
3536257,Parisi - SP,1212.0
3536307,Patrocínio Paulista - SP,1100.0
3536406,Paulicéia - SP,955.0
3536505,Paulínia - SP,1750.0
3536570,Paulistânia - SP,1075.0
3536604,Paulo de Faria - SP,1100.0
3536703,Pederneiras - SP,1200.0
3536802,Pedra Bela - SP,1200.0
3536901,Pedranópolis - SP,1250.0
3537008,Pedregulho - SP,1164.8
3537107,Pedreira - SP,1366.67
3537156,Pedrinhas Paulista - SP,1350.0
3537206,Pedro de Toledo - SP,875.0
3537305,Penápolis - SP,1250.0
3537404,Pereira Barreto - SP,1200.0
3537503,Pereiras - SP,1166.67
3537602,Peruíbe - SP,950.0
3537701,Piacatu - SP,1212.0
3537800,Piedade - SP,1190.67
3537909,Pilar do Sul - SP,1200.0
3538006,Pindamonhangaba - SP,1125.0
3538105,Pindorama - SP,1300.0
3538204,Pinhalzinho - SP,1150.0
3538303,Piquerobi - SP,1137.33
3538501,Piquete - SP,1005.0
3538600,Piracaia - SP,1243.5
3538709,Piracicaba - SP,1450.0
3538808,Piraju - SP,1212.0
3538907,Pirajuí - SP,1200.0
3539004,Pirangi - SP,1306.0
3539103,Pirapora do Bom Jesus - SP,975.0
3539202,Pirapozinho - SP,1250.0
3539301,Pirassununga - SP,1356.0
3539400,Piratininga - SP,1457.33
3539509,Pitangueiras - SP,1102.4
3539608,Planalto - SP,1166.67
3539707,Platina - SP,1070.67
3539806,Poá - SP,1150.0
3539905,Poloni - SP,1212.0
3540002,Pompéia - SP,1482.0
3540101,Pongaí - SP,1212.0
3540200,Pontal - SP,1100.0
3540259,Pontalinda - SP,1103.0
3540309,Pontes Gestal - SP,1206.0
3540408,Populina - SP,1078.0
3540507,Porangaba - SP,1025.0
3540606,Porto Feliz - SP,1212.0
3540705,Porto Ferreira - SP,1300.0
3540754,Potim - SP,866.67
3540804,Potirendaba - SP,1275.0
3540853,Pracinha - SP,1100.0
3540903,Pradópolis - SP,1200.0
3541000,Praia Grande - SP,1200.0
3541059,Pratânia - SP,1166.67
3541109,Presidente Alves - SP,1200.0
3541208,Presidente Bernardes - SP,1240.0
3541307,Presidente Epitácio - SP,1056.0
3541406,Presidente Prudente - SP,1365.0
3541505,Presidente Venceslau - SP,1356.0
3541604,Promissão - SP,1150.0
3541653,Quadra - SP,1166.67
3541703,Quatá - SP,1050.0
3541802,Queiroz - SP,1120.67
3541901,Queluz - SP,875.0
3542008,Quintana - SP,1212.0
3542107,Rafard - SP,1225.0
3542206,Rancharia - SP,1100.0
3542305,Redenção da Serra - SP,800.0
3542404,Regente Feijó - SP,1212.0
3542503,Reginópolis - SP,1300.0
3542602,Registro - SP,1066.67
3542701,Restinga - SP,1000.5
3542800,Ribeira - SP,804.0
3542909,Ribeirão Bonito - SP,1116.67
3543006,Ribeirão Branco - SP,793.5
3543105,Ribeirão Corrente - SP,1008.0
3543204,Ribeirão do Sul - SP,1120.0
3543238,Ribeirão dos Índios - SP,1150.0
3543253,Ribeirão Grande - SP,962.4
3543303,Ribeirão Pires - SP,1220.0
3543402,Ribeirão Preto - SP,1500.0
3543501,Riversul - SP,808.0
3543600,Rifaina - SP,1233.33
3543709,Rincão - SP,1166.67
3543808,Rinópolis - SP,1080.0
3543907,Rio Claro - SP,1466.67
3544004,Rio das Pedras - SP,1250.0
3544103,Rio Grande da Serra - SP,1000.0
3544202,Riolândia - SP,898.25
3544251,Rosana - SP,1200.0
3544301,Roseira - SP,1028.75
3544400,Rubiácea - SP,1000.0
3544509,Rubinéia - SP,1212.0
3544608,Sabino - SP,1200.0
3544707,Sagres - SP,1041.33
3544806,Sales - SP,1200.0
3544905,Sales Oliveira - SP,1333.33
3545001,Salesópolis - SP,1000.0
3545100,Salmourão - SP,1010.0
3545159,Saltinho - SP,1450.0
3545209,Salto - SP,1400.0
3545308,Salto de Pirapora - SP,1200.0
3545407,Salto Grande - SP,1016.67
3545506,Sandovalina - SP,1000.0
3545605,Santa Adélia - SP,1184.8
3545704,Santa Albertina - SP,1200.0
3545803,Santa Bárbara d'Oeste - SP,1500.0
3546009,Santa Branca - SP,1093.33
3546108,Santa Clara d'Oeste - SP,1206.0
3546207,Santa Cruz da Conceição - SP,1325.0
3546256,Santa Cruz da Esperança - SP,1067.2
3546306,Santa Cruz das Palmeiras - SP,1212.0
3546405,Santa Cruz do Rio Pardo - SP,1333.33
3546504,Santa Ernestina - SP,1212.0
3546603,Santa Fé do Sul - SP,1404.0
3546702,Santa Gertrudes - SP,1266.67
3546801,Santa Isabel - SP,1066.67
3546900,Santa Lúcia - SP,1175.0
3547007,Santa Maria da Serra - SP,1200.0
3547106,Santa Mercedes - SP,1103.0
3547205,Santana da Ponte Pensa - SP,1212.0
3547304,Santana de Parnaíba - SP,1500.0
3547403,Santa Rita d'Oeste - SP,1200.0
3547502,Santa Rita do Passa Quatro - SP,1300.0
3547601,Santa Rosa de Viterbo - SP,1200.0
3547650,Santa Salete - SP,1333.33
3547700,Santo Anastácio - SP,1200.0
3547809,Santo André - SP,1625.0
3547908,Santo Antônio da Alegria - SP,1150.0
3548005,Santo Antônio de Posse - SP,1200.0
3548054,Santo Antônio do Aracanguá - SP,1213.33
3548104,Santo Antônio do Jardim - SP,1212.0
3548203,Santo Antônio do Pinhal - SP,1212.0
3548302,Santo Expedito - SP,1114.8
3548401,Santópolis do Aguapeí - SP,1156.0
3548500,Santos - SP,2000.0
3548609,São Bento do Sapucaí - SP,1166.67
3548708,São Bernardo do Campo - SP,1500.0
3548807,São Caetano do Sul - SP,2500.0
3548906,São Carlos - SP,1475.0
3549003,São Francisco - SP,1212.0
3549102,São João da Boa Vista - SP,1350.0
3549201,São João das Duas Pontes - SP,1212.0
3549250,São João de Iracema - SP,1182.4
3549300,São João do Pau d'Alho - SP,1212.0
3549409,São Joaquim da Barra - SP,1233.33
3549508,São José da Bela Vista - SP,1000.0
3549607,São José do Barreiro - SP,799.8
3549706,São José do Rio Pardo - SP,1200.0
3549805,São José do Rio Preto - SP,1500.0
3549904,São José dos Campos - SP,1333.33
3549953,São Lourenço da Serra - SP,1000.0
3550001,São Luiz do Paraitinga - SP,1085.0
3550100,São Manuel - SP,1175.0
3550209,São Miguel Arcanjo - SP,1000.0
3550308,São Paulo - SP,1340.0
3550407,São Pedro - SP,1350.0
3550506,São Pedro do Turvo - SP,1106.0
3550605,São Roque - SP,1313.5
3550704,São Sebastião - SP,1133.33
3550803,São Sebastião da Grama - SP,1200.0
3550902,São Simão - SP,1212.0
3551009,São Vicente - SP,1073.33
3551108,Sarapuí - SP,1142.4
3551207,Sarutaiá - SP,980.0
3551306,Sebastianópolis do Sul - SP,1300.0
3551405,Serra Azul - SP,1033.33
3551504,Serrana - SP,1075.0
3551603,Serra Negra - SP,1337.0
3551702,Sertãozinho - SP,1333.33
3551801,Sete Barras - SP,800.0
3551900,Severínia - SP,1150.0
3552007,Silveiras - SP,802.8
3552106,Socorro - SP,1325.0
3552205,Sorocaba - SP,1433.33
3552304,Sud Mennucci - SP,1100.0
3552403,Sumaré - SP,1200.0
3552502,Suzano - SP,1000.0
3552551,Suzanápolis - SP,1212.0
3552601,Tabapuã - SP,1250.0
3552700,Tabatinga - SP,1200.0
3552809,Taboão da Serra - SP,1250.0
3552908,Taciba - SP,1133.33
3553005,Taguaí - SP,1093.0
3553104,Taiaçu - SP,1133.33
3553203,Taiúva - SP,1212.0
3553302,Tambaú - SP,1250.0
3553401,Tanabi - SP,1212.0
3553500,Tapiraí - SP,904.0
3553609,Tapiratiba - SP,1200.0
3553658,Taquaral - SP,1200.0
3553708,Taquaritinga - SP,1212.0
3553807,Taquarituba - SP,1102.0
3553856,Taquarivaí - SP,935.33
3553906,Tarabai - SP,1018.0
3553955,Tarumã - SP,1100.0
3554003,Tatuí - SP,1200.0
3554102,Taubaté - SP,1275.0
3554201,Tejupá - SP,870.67
3554300,Teodoro Sampaio - SP,1050.0
3554409,Terra Roxa - SP,1212.0
3554508,Tietê - SP,1400.0
3554607,Timburi - SP,972.0
3554656,Torre de Pedra - SP,1175.0
3554706,Torrinha - SP,1200.0
3554755,Trabiju - SP,1000.0
3554805,Tremembé - SP,1200.0
3554904,Três Fronteiras - SP,1212.0
3554953,Tuiuti - SP,1181.0
3555000,Tupã - SP,1250.8
3555109,Tupi Paulista - SP,1328.0
3555208,Turiúba - SP,1228.0
3555307,Turmalina - SP,1387.33
3555356,Ubarana - SP,1004.0
3555406,Ubatuba - SP,1125.0
3555505,Ubirajara - SP,1050.0
3555604,Uchoa - SP,1212.0
3555703,União Paulista - SP,1175.0
3555802,Urânia - SP,1212.0
3555901,Uru - SP,1106.25
3556008,Urupês - SP,1263.0
3556107,Valentim Gentil - SP,1212.0
3556206,Valinhos - SP,1975.0
3556305,Valparaíso - SP,1160.0
3556354,Vargem - SP,1200.0
3556404,Vargem Grande do Sul - SP,1066.67
3556453,Vargem Grande Paulista - SP,1242.4
3556503,Várzea Paulista - SP,1200.0
3556602,Vera Cruz - SP,1178.0
3556701,Vinhedo - SP,1856.0
3556800,Viradouro - SP,1178.0
3556909,Vista Alegre do Alto - SP,1200.0
3556958,Vitória Brasil - SP,1212.0
3557006,Votorantim - SP,1284.8
3557105,Votuporanga - SP,1276.67
3557154,Zacarias - SP,1200.0
3557204,Chavantes - SP,1100.0
3557303,Estiva Gerbi - SP,1225.0
4100103,Abatiá - PR,920.0
4100202,Adrianópolis - PR,808.0
4100301,Agudos do Sul - PR,1000.0
4100400,Almirante Tamandaré - PR,1066.67
4100459,Altamira do Paraná - PR,978.0
4100509,Altônia - PR,1204.0
4100608,Alto Paraná - PR,1133.33
4100707,Alto Piquiri - PR,904.0
4100806,Alvorada do Sul - PR,1200.0
4100905,Amaporã - PR,933.33
4101002,Ampére - PR,1250.0
4101051,Anahy - PR,1212.0
4101101,Andirá - PR,1212.0
4101150,Ângulo - PR,1103.0
4101200,Antonina - PR,900.0
4101309,Antônio Olinto - PR,903.0
4101408,Apucarana - PR,1311.0
4101507,Arapongas - PR,1333.33
4101606,Arapoti - PR,1070.67
4101655,Arapuã - PR,933.33
4101705,Araruna - PR,1212.0
4101804,Araucária - PR,1250.0
4101853,Ariranha do Ivaí - PR,1119.25
4101903,Assaí - PR,1040.0
4102000,Assis Chateaubriand - PR,1212.0
4102109,Astorga - PR,1212.0
4102208,Atalaia - PR,1237.33
4102307,Balsa Nova - PR,1300.0
4102406,Bandeirantes - PR,1066.67
4102505,Barbosa Ferraz - PR,1041.33
4102604,Barracão - PR,1100.0
4102703,Barra do Jacaré - PR,1206.0
4102752,Bela Vista da Caroba - PR,1212.0
4102802,Bela Vista do Paraíso - PR,1075.0
4102901,Bituruna - PR,1125.0
4103008,Boa Esperança - PR,1212.0
4103024,Boa Esperança do Iguaçu - PR,1212.0
4103040,Boa Ventura de São Roque - PR,1070.67
4103057,Boa Vista da Aparecida - PR,1072.0
4103107,Bocaiúva do Sul - PR,1050.0
4103156,Bom Jesus do Sul - PR,1212.0
4103206,Bom Sucesso - PR,1170.67
4103222,Bom Sucesso do Sul - PR,1237.33
4103305,Borrazópolis - PR,1187.5
4103354,Braganey - PR,1182.4
4103370,Brasilândia do Sul - PR,1202.0
4103404,Cafeara - PR,1200.0
4103453,Cafelândia - PR,1375.0
4103479,Cafezal do Sul - PR,1200.0
4103503,Califórnia - PR,1200.0
4103602,Cambará - PR,1123.75
4103701,Cambé - PR,1280.0
4103800,Cambira - PR,1212.0
4103909,Campina da Lagoa - PR,1200.0
4103958,Campina do Simão - PR,842.86
4104006,Campina Grande do Sul - PR,1212.0
4104055,Campo Bonito - PR,1141.33
4104105,Campo do Tenente - PR,904.0
4104204,Campo Largo - PR,1304.0
4104253,Campo Magro - PR,1166.67
4104303,Campo Mourão - PR,1400.0
4104402,Cândido de Abreu - PR,833.33
4104428,Candói - PR,1000.0
4104451,Cantagalo - PR,981.0
4104501,Capanema - PR,1275.0
4104600,Capitão Leônidas Marques - PR,1250.0
4104659,Carambeí - PR,1200.0
4104709,Carlópolis - PR,1100.0
4104808,Cascavel - PR,1500.0
4104907,Castro - PR,1110.0
4105003,Catanduvas - PR,1035.33
4105102,Centenário do Sul - PR,1053.0
4105201,Cerro Azul - PR,630.0
4105300,Céu Azul - PR,1306.67
4105409,Chopinzinho - PR,1250.0
4105508,Cianorte - PR,1366.67
4105607,Cidade Gaúcha - PR,1200.0
4105706,Clevelândia - PR,1070.67
4105805,Colombo - PR,1212.0
4105904,Colorado - PR,1332.33
4106001,Congonhinhas - PR,850.0
4106100,Conselheiro Mairinck - PR,1067.2
4106209,Contenda - PR,1000.0
4106308,Corbélia - PR,1251.25
4106407,Cornélio Procópio - PR,1366.67
4106456,Coronel Domingos Soares - PR,800.0
4106506,Coronel Vivida - PR,1356.0
4106555,Corumbataí do Sul - PR,1000.0
4106571,Cruzeiro do Iguaçu - PR,1224.0
4106605,Cruzeiro do Oeste - PR,1200.0
4106704,Cruzeiro do Sul - PR,1066.67
4106803,Cruz Machado - PR,950.0
4106852,Cruzmaltina - PR,1212.0
4106902,Curitiba - PR,1850.0
4107009,Curiúva - PR,925.0
4107108,Diamante do Norte - PR,1212.0
4107124,Diamante do Sul - PR,933.33
4107157,Diamante D'Oeste - PR,1200.0
4107207,Dois Vizinhos - PR,1500.0
4107256,Douradina - PR,1212.0
4107306,Doutor Camargo - PR,1262.0
4107405,Enéas Marques - PR,1308.0
4107504,Engenheiro Beltrão - PR,1212.0
4107520,Esperança Nova - PR,1212.0
4107538,Entre Rios do Oeste - PR,1660.0
4107546,Espigão Alto do Iguaçu - PR,1000.0
4107553,Farol - PR,1100.0
4107603,Faxinal - PR,1003.0
4107652,Fazenda Rio Grande - PR,1200.0
4107702,Fênix - PR,1128.0
4107736,Fernandes Pinheiro - PR,906.0
4107751,Figueira - PR,1050.0
4107801,Floraí - PR,1212.0
4107850,Flor da Serra do Sul - PR,1212.0
4107900,Floresta - PR,1200.0
4108007,Florestópolis - PR,1000.0
4108106,Flórida - PR,800.0
4108205,Formosa do Oeste - PR,1212.0
4108304,Foz do Iguaçu - PR,1250.0
4108320,Francisco Alves - PR,1164.8
4108403,Francisco Beltrão - PR,1566.67
4108452,Foz do Jordão - PR,1000.0
4108502,General Carneiro - PR,1000.0
4108551,Godoy Moreira - PR,1018.0
4108601,Goioerê - PR,1200.0
4108650,Goioxim - PR,803.0
4108700,Grandes Rios - PR,931.0
4108809,Guaíra - PR,1206.0
4108908,Guairaçá - PR,1064.8
4108957,Guamiranga - PR,1025.0
4109005,Guapirama - PR,964.8
4109104,Guaporema - PR,1314.29
4109203,Guaraci - PR,1341.33
4109302,Guaraniaçu - PR,1150.0
4109401,Guarapuava - PR,1200.0
4109500,Guaraqueçaba - PR,692.4
4109609,Guaratuba - PR,1166.67
4109658,Honório Serpa - PR,1212.0
4109708,Ibaiti - PR,1150.0
4109757,Ibema - PR,1003.0
4109807,Ibiporã - PR,1212.0
4109906,Icaraíma - PR,1150.0
4110003,Iguaraçu - PR,1150.0
4110052,Iguatu - PR,1200.0
4110078,Imbaú - PR,925.0
4110102,Imbituva - PR,1000.0
4110201,Inácio Martins - PR,800.0
4110300,Inajá - PR,900.0
4110409,Indianópolis - PR,1200.0
4110508,Ipiranga - PR,1100.0
4110607,Iporã - PR,1206.0
4110656,Iracema do Oeste - PR,1170.67
4110706,Irati - PR,1220.0
4110805,Iretama - PR,1030.57
4110904,Itaguajé - PR,1159.0
4110953,Itaipulândia - PR,1212.0
4111001,Itambaracá - PR,962.4
4111100,Itambé - PR,1284.0
4111209,Itapejara d'Oeste - PR,1212.0
4111258,Itaperuçu - PR,900.0
4111308,Itaúna do Sul - PR,1102.4
4111407,Ivaí - PR,931.0
4111506,Ivaiporã - PR,1212.0
4111555,Ivaté - PR,1132.5
4111605,Ivatuba - PR,1241.67
4111704,Jaboti - PR,1071.5
4111803,Jacarezinho - PR,1189.33
4111902,Jaguapitã - PR,1218.0
4112009,Jaguariaíva - PR,1047.5
4112108,Jandaia do Sul - PR,1308.0
4112207,Janiópolis - PR,1004.0
4112306,Japira - PR,1100.0
4112405,Japurá - PR,1275.0
4112504,Jardim Alegre - PR,1133.33
4112603,Jardim Olinda - PR,920.0
4112702,Jataizinho - PR,1000.0
4112751,Jesuítas - PR,1212.0
4112801,Joaquim Távora - PR,1200.0
4112900,Jundiaí do Sul - PR,960.0
4112959,Juranda - PR,1200.0
4113007,Jussara - PR,1225.0
4113106,Kaloré - PR,1192.4
4113205,Lapa - PR,1147.33
4113254,Laranjal - PR,800.0
4113304,Laranjeiras do Sul - PR,1200.0
4113403,Leópolis - PR,1100.0
4113429,Lidianópolis - PR,1070.67
4113452,Lindoeste - PR,1120.0
4113502,Loanda - PR,1250.0
4113601,Lobato - PR,1212.0
4113700,Londrina - PR,1500.0
4113734,Luiziana - PR,942.4
4113759,Lunardelli - PR,1006.0
4113809,Lupionópolis - PR,1133.33
4113908,Mallet - PR,1150.0
4114005,Mamborê - PR,1203.0
4114104,Mandaguaçu - PR,1256.0
4114203,Mandaguari - PR,1233.33
4114302,Mandirituba - PR,1000.0
4114351,Manfrinópolis - PR,1212.0
4114401,Mangueirinha - PR,1141.33
4114500,Manoel Ribas - PR,1242.4
4114609,Marechal Cândido Rondon - PR,1500.0
4114708,Maria Helena - PR,1200.0
4114807,Marialva - PR,1300.0
4114906,Marilândia do Sul - PR,1187.5
4115002,Marilena - PR,1163.0
4115101,Mariluz - PR,1046.67
4115200,Maringá - PR,1766.67
4115309,Mariópolis - PR,1250.0
4115358,Maripá - PR,1212.0
4115408,Marmeleiro - PR,1250.0
4115457,Marquinho - PR,1100.0
4115507,Marumbi - PR,1204.0
4115606,Matelândia - PR,1300.0
4115705,Matinhos - PR,1200.0
4115739,Mato Rico - PR,900.0
4115754,Mauá da Serra - PR,820.0
4115804,Medianeira - PR,1500.0
4115853,Mercedes - PR,1278.67
4115903,Mirador - PR,975.0
4116000,Miraselva - PR,1125.0
4116059,Missal - PR,1433.33
4116109,Moreira Sales - PR,970.67
4116208,Morretes - PR,1000.0
4116307,Munhoz de Melo - PR,1212.0
4116406,Nossa Senhora das Graças - PR,1250.0
4116505,Nova Aliança do Ivaí - PR,1071.0
4116604,Nova América da Colina - PR,950.0
4116703,Nova Aurora - PR,1269.6
4116802,Nova Cantu - PR,1000.0
4116901,Nova Esperança - PR,1250.0
4116950,Nova Esperança do Sudoeste - PR,1496.0
4117008,Nova Fátima - PR,928.0
4117057,Nova Laranjeiras - PR,700.0
4117107,Nova Londrina - PR,1212.0
4117206,Nova Olímpia - PR,1133.33
4117214,Nova Santa Bárbara - PR,900.0
4117222,Nova Santa Rosa - PR,1261.0
4117255,Nova Prata do Iguaçu - PR,1300.0
4117271,Nova Tebas - PR,1000.0
4117297,Novo Itacolomi - PR,1212.0
4117305,Ortigueira - PR,833.33
4117404,Ourizona - PR,1200.0
4117453,Ouro Verde do Oeste - PR,1112.0
4117503,Paiçandu - PR,1212.0
4117602,Palmas - PR,1050.0
4117701,Palmeira - PR,1212.0
4117800,Palmital - PR,808.0
4117909,Palotina - PR,1525.0
4118006,Paraíso do Norte - PR,1250.0
4118105,Paranacity - PR,1083.33
4118204,Paranaguá - PR,1125.0
4118303,Paranapoema - PR,887.43
4118402,Paranavaí - PR,1300.0
4118451,Pato Bragado - PR,1450.0
4118501,Pato Branco - PR,1604.0
4118600,Paula Freitas - PR,1212.0
4118709,Paulo Frontin - PR,1125.0
4118808,Peabiru - PR,1200.0
4118857,Perobal - PR,1185.71
4118907,Pérola - PR,1200.0
4119004,Pérola d'Oeste - PR,1500.0
4119103,Piên - PR,1200.0
4119152,Pinhais - PR,1404.0
4119202,Pinhalão - PR,1021.5
4119251,Pinhal de São Bento - PR,1200.0
4119301,Pinhão - PR,800.0
4119400,Piraí do Sul - PR,1000.0
4119509,Piraquara - PR,1100.0
4119608,Pitanga - PR,1100.0
4119657,Pitangueiras - PR,1212.0
4119707,Planaltina do Paraná - PR,960.57
4119806,Planalto - PR,1400.0
4119905,Ponta Grossa - PR,1250.0
4119954,Pontal do Paraná - PR,1212.0
4120002,Porecatu - PR,1200.0
4120101,Porto Amazonas - PR,1200.0
4120150,Porto Barreiro - PR,1266.67
4120200,Porto Rico - PR,1474.67
4120309,Porto Vitória - PR,953.0
4120333,Prado Ferreira - PR,1030.0
4120358,Pranchita - PR,1500.0
4120408,Presidente Castelo Branco - PR,1212.0
4120507,Primeiro de Maio - PR,1212.0
4120606,Prudentópolis - PR,1095.0
4120655,Quarto Centenário - PR,1070.67
4120705,Quatiguá - PR,1200.0
4120804,Quatro Barras - PR,1375.0
4120853,Quatro Pontes - PR,1833.33
4120903,Quedas do Iguaçu - PR,1075.0
4121000,Querência do Norte - PR,1080.0
4121109,Quinta do Sol - PR,1200.0
4121208,Quitandinha - PR,980.0
4121257,Ramilândia - PR,960.0
4121307,Rancho Alegre - PR,1100.0
4121356,Rancho Alegre D'Oeste - PR,866.67
4121406,Realeza - PR,1440.0
4121505,Rebouças - PR,933.33
4121604,Renascença - PR,1200.0
4121703,Reserva - PR,900.0
4121752,Reserva do Iguaçu - PR,808.0
4121802,Ribeirão Claro - PR,1212.0
4121901,Ribeirão do Pinhal - PR,900.0
4122008,Rio Azul - PR,875.0
4122107,Rio Bom - PR,1187.33
4122156,Rio Bonito do Iguaçu - PR,866.67
4122172,Rio Branco do Ivaí - PR,933.33
4122206,Rio Branco do Sul - PR,825.0
4122305,Rio Negro - PR,1333.33
4122404,Rolândia - PR,1250.0
4122503,Roncador - PR,1100.0
4122602,Rondon - PR,1212.0
4122651,Rosário do Ivaí - PR,1033.33
4122701,Sabáudia - PR,1300.0
4122800,Salgado Filho - PR,1325.0
4122909,Salto do Itararé - PR,1082.4
4123006,Salto do Lontra - PR,1212.0
4123105,Santa Amélia - PR,904.0
4123204,Santa Cecília do Pavão - PR,1000.0
4123303,Santa Cruz de Monte Castelo - PR,1205.0
4123402,Santa Fé - PR,1200.0
4123501,Santa Helena - PR,1400.0
4123600,Santa Inês - PR,1050.0
4123709,Santa Isabel do Ivaí - PR,1200.0
4123808,Santa Izabel do Oeste - PR,1250.0
4123824,Santa Lúcia - PR,1207.2
4123857,Santa Maria do Oeste - PR,770.67
4123907,Santa Mariana - PR,1133.33
4123956,Santa Mônica - PR,983.33
4124004,Santana do Itararé - PR,1066.67
4124020,Santa Tereza do Oeste - PR,1160.0
4124053,Santa Terezinha de Itaipu - PR,1270.67
4124103,Santo Antônio da Platina - PR,1053.0
4124202,Santo Antônio do Caiuá - PR,1106.0
4124301,Santo Antônio do Paraíso - PR,1070.67
4124400,Santo Antônio do Sudoeste - PR,1212.0
4124509,Santo Inácio - PR,1212.0
4124608,São Carlos do Ivaí - PR,1212.0
4124707,São Jerônimo da Serra - PR,844.8
4124806,São João - PR,1233.33
4124905,São João do Caiuá - PR,941.33
4125001,São João do Ivaí - PR,1208.0
4125100,São João do Triunfo - PR,1053.0
4125209,São Jorge d'Oeste - PR,1200.0
4125308,São Jorge do Ivaí - PR,1308.0
4125357,São Jorge do Patrocínio - PR,1200.0
4125407,São José da Boa Vista - PR,965.0
4125456,São José das Palmeiras - PR,1212.0
4125506,São José dos Pinhais - PR,1333.33
4125555,São Manoel do Paraná - PR,1212.0
4125605,São Mateus do Sul - PR,1180.0
4125704,São Miguel do Iguaçu - PR,1225.0
4125753,São Pedro do Iguaçu - PR,1200.0
4125803,São Pedro do Ivaí - PR,1212.0
4125902,São Pedro do Paraná - PR,1333.33
4126009,São Sebastião da Amoreira - PR,920.0
4126108,São Tomé - PR,1180.0
4126207,Sapopema - PR,808.0
4126256,Sarandi - PR,1212.0
4126272,Saudade do Iguaçu - PR,1212.0
4126306,Sengés - PR,1025.0
4126355,Serranópolis do Iguaçu - PR,1500.0
4126405,Sertaneja - PR,1212.0
4126504,Sertanópolis - PR,1333.33
4126603,Siqueira Campos - PR,1212.0
4126652,Sulina - PR,1500.0
4126678,Tamarana - PR,850.0
4126702,Tamboara - PR,1100.0
4126801,Tapejara - PR,1165.5
4126900,Tapira - PR,1200.0
4127007,Teixeira Soares - PR,1040.0
4127106,Telêmaco Borba - PR,1233.33
4127205,Terra Boa - PR,1212.0
4127304,Terra Rica - PR,1135.5
4127403,Terra Roxa - PR,1212.0
4127502,Tibagi - PR,900.0
4127601,Tijucas do Sul - PR,1072.67
4127700,Toledo - PR,1600.0
4127809,Tomazina - PR,1166.67
4127858,Três Barras do Paraná - PR,1166.67
4127882,Tunas do Paraná - PR,808.0
4127908,Tuneiras do Oeste - PR,1000.0
4127957,Tupãssi - PR,1212.0
4127965,Turvo - PR,1000.0
4128005,Ubiratã - PR,1226.0
4128104,Umuarama - PR,1333.33
4128203,União da Vitória - PR,1212.0
4128302,Uniflor - PR,1178.0
4128401,Uraí - PR,1212.0
4128500,Wenceslau Braz - PR,1071.67
4128534,Ventania - PR,1000.0
4128559,Vera Cruz do Oeste - PR,1133.75
4128609,Verê - PR,1240.83
4128625,Alto Paraíso - PR,1030.0
4128633,Doutor Ulysses - PR,658.33
4128658,Virmond - PR,1150.0
4128708,Vitorino - PR,1333.33
4128807,Xambrê - PR,1145.0
4200051,Abdon Batista - SC,1212.0
4200101,Abelardo Luz - SC,1200.0
4200200,Agrolândia - SC,1333.33
4200309,Agronômica - SC,1625.0
4200408,Água Doce - SC,1250.0
4200507,Águas de Chapecó - SC,1212.0
4200556,Águas Frias - SC,1600.0
4200606,Águas Mornas - SC,1459.0
4200705,Alfredo Wagner - SC,1212.0
4200754,Alto Bela Vista - SC,1806.0
4200804,Anchieta - SC,1456.0
4200903,Angelina - SC,1212.0
4201000,Anita Garibaldi - SC,1162.4
4201109,Anitápolis - SC,1250.0
4201208,Antônio Carlos - SC,1366.67
4201257,Apiúna - SC,1365.33
4201273,Arabutã - SC,1537.33
4201307,Araquari - SC,1200.0
4201406,Araranguá - SC,1400.0
4201505,Armazém - SC,1415.5
4201604,Arroio Trinta - SC,1666.67
4201653,Arvoredo - SC,1500.0
4201703,Ascurra - SC,1400.0
4201802,Atalanta - SC,1456.0
4201901,Aurora - SC,1666.67
4201950,Balneário Arroio do Silva - SC,1212.0
4202008,Balneário Camboriú - SC,2250.0
4202057,Balneário Barra do Sul - SC,1250.0
4202073,Balneário Gaivota - SC,1237.33
4202081,Bandeirante - SC,1312.0
4202099,Barra Bonita - SC,1666.67
4202107,Barra Velha - SC,1212.0
4202131,Bela Vista do Toldo - SC,1000.0
4202156,Belmonte - SC,1366.67
4202206,Benedito Novo - SC,1400.0
4202305,Biguaçu - SC,1428.0
4202404,Blumenau - SC,1855.0
4202438,Bocaina do Sul - SC,1206.0
4202453,Bombinhas - SC,1466.67
4202503,Bom Jardim da Serra - SC,1200.0
4202537,Bom Jesus - SC,1250.0
4202578,Bom Jesus do Oeste - SC,1666.67
4202602,Bom Retiro - SC,1212.0
4202701,Botuverá - SC,1500.0
4202800,Braço do Norte - SC,1400.0
4202859,Braço do Trombudo - SC,1549.33
4202875,Brunópolis - SC,1010.0
4202909,Brusque - SC,1666.67
4203006,Caçador - SC,1365.5
4203105,Caibi - SC,1500.0
4203154,Calmon - SC,837.33
4203204,Camboriú - SC,1500.0
4203253,Capão Alto - SC,1140.0
4203303,Campo Alegre - SC,1250.0
4203402,Campo Belo do Sul - SC,1000.0
4203501,Campo Erê - SC,1212.0
4203600,Campos Novos - SC,1275.0
4203709,Canelinha - SC,1315.0
4203808,Canoinhas - SC,1250.0
4203907,Capinzal - SC,1406.0
4203956,Capivari de Baixo - SC,1400.0
4204004,Catanduvas - SC,1425.0
4204103,Caxambu do Sul - SC,1350.0
4204152,Celso Ramos - SC,1170.0
4204178,Cerro Negro - SC,933.33
4204194,Chapadão do Lageado - SC,1350.0
4204202,Chapecó - SC,1666.67
4204251,Cocal do Sul - SC,1750.0
4204301,Concórdia - SC,1700.0
4204350,Cordilheira Alta - SC,1700.0
4204400,Coronel Freitas - SC,1598.0
4204459,Coronel Martins - SC,1353.0
4204509,Corupá - SC,1600.0
4204558,Correia Pinto - SC,1212.0
4204608,Criciúma - SC,1633.33
4204707,Cunha Porã - SC,1534.0
4204756,Cunhataí - SC,1502.0
4204806,Curitibanos - SC,1225.0
4204905,Descanso - SC,1675.0
4205001,Dionísio Cerqueira - SC,1212.0
4205100,Dona Emma - SC,1452.4
4205159,Doutor Pedrinho - SC,1456.0
4205175,Entre Rios - SC,990.0
4205191,Ermo - SC,1337.33
4205209,Erval Velho - SC,1212.0
4205308,Faxinal dos Guedes - SC,1374.0
4205357,Flor do Sertão - SC,1456.25
4205407,Florianópolis - SC,2087.5
4205431,Formosa do Sul - SC,1335.0
4205456,Forquilhinha - SC,1400.0
4205506,Fraiburgo - SC,1220.0
4205555,Frei Rogério - SC,1250.0
4205605,Galvão - SC,1358.0
4205704,Garopaba - SC,1500.0
4205803,Garuva - SC,1212.0
4205902,Gaspar - SC,1625.0
4206009,Governador Celso Ramos - SC,1400.0
4206108,Grão-Pará - SC,1502.4
4206207,Gravatal - SC,1466.67
4206306,Guabiruba - SC,1650.0
4206405,Guaraciaba - SC,1754.0
4206504,Guaramirim - SC,1500.0
4206603,Guarujá do Sul - SC,1616.0
4206652,Guatambú - SC,1404.0
4206702,Herval d'Oeste - SC,1515.0
4206751,Ibiam - SC,1628.0
4206801,Ibicaré - SC,1333.33
4206900,Ibirama - SC,1666.67
4207007,Içara - SC,1550.0
4207106,Ilhota - SC,1440.0
4207205,Imaruí - SC,1212.0
4207304,Imbituba - SC,1333.33
4207403,Imbuia - SC,1500.0
4207502,Indaial - SC,1550.0
4207577,Iomerê - SC,1722.4
4207601,Ipira - SC,1500.0
4207650,Iporã do Oeste - SC,1666.67
4207684,Ipuaçu - SC,837.33
4207700,Ipumirim - SC,1533.33
4207759,Iraceminha - SC,1500.0
4207809,Irani - SC,1416.67
4207858,Irati - SC,1666.67
4207908,Irineópolis - SC,1042.4
4208005,Itá - SC,1706.0
4208104,Itaiópolis - SC,1212.0
4208203,Itajaí - SC,1600.0
4208302,Itapema - SC,1700.0
4208401,Itapiranga - SC,1733.33
4208450,Itapoá - SC,1300.0
4208500,Ituporanga - SC,1625.0
4208609,Jaborá - SC,1300.0
4208708,Jacinto Machado - SC,1281.0
4208807,Jaguaruna - SC,1400.0
4208906,Jaraguá do Sul - SC,1772.86
4208955,Jardinópolis - SC,1700.0
4209003,Joaçaba - SC,2000.0
4209102,Joinville - SC,1600.0
4209151,José Boiteux - SC,1200.0
4209177,Jupiá - SC,1533.33
4209201,Lacerdópolis - SC,1750.0
4209300,Lages - SC,1348.57
4209409,Laguna - SC,1214.0
4209458,Lajeado Grande - SC,1704.0
4209508,Laurentino - SC,1600.0
4209607,Lauro Müller - SC,1525.0
4209706,Lebon Régis - SC,975.0
4209805,Leoberto Leal - SC,1304.0
4209854,Lindóia do Sul - SC,1333.33
4209904,Lontras - SC,1490.0
4210001,Luiz Alves - SC,1500.0
4210035,Luzerna - SC,1808.0
4210050,Macieira - SC,1266.67
4210100,Mafra - SC,1333.33
4210209,Major Gercino - SC,1214.0
4210308,Major Vieira - SC,1000.0
4210407,Maracajá - SC,1466.67
4210506,Maravilha - SC,1587.5
4210555,Marema - SC,2020.0
4210605,Massaranduba - SC,1625.0
4210704,Matos Costa - SC,962.4
4210803,Meleiro - SC,1406.0
4210852,Mirim Doce - SC,1200.0
4210902,Modelo - SC,1644.8
4211009,Mondaí - SC,1477.5
4211058,Monte Carlo - SC,929.67
4211108,Monte Castelo - SC,1010.0
4211207,Morro da Fumaça - SC,1358.5
4211256,Morro Grande - SC,1237.33
4211306,Navegantes - SC,1275.0
4211405,Nova Erechim - SC,1670.67
4211454,Nova Itaberaba - SC,1610.0
4211504,Nova Trento - SC,1666.67
4211603,Nova Veneza - SC,1518.6
4211652,Novo Horizonte - SC,1428.0
4211702,Orleans - SC,1525.25
4211751,Otacílio Costa - SC,1433.33
4211801,Ouro - SC,1657.0
4211850,Ouro Verde - SC,1212.0
4211876,Paial - SC,1250.0
4211892,Painel - SC,850.0
4211900,Palhoça - SC,1500.0
4212007,Palma Sola - SC,1371.43
4212056,Palmeira - SC,1212.0
4212106,Palmitos - SC,1333.33
4212205,Papanduva - SC,1200.0
4212239,Paraíso - SC,1666.67
4212254,Passo de Torres - SC,1212.0
4212270,Passos Maia - SC,1137.33
4212304,Paulo Lopes - SC,1212.0
4212403,Pedras Grandes - SC,1410.0
4212502,Penha - SC,1333.33
4212601,Peritiba - SC,1750.0
4212650,Pescaria Brava - SC,1250.0
4212700,Petrolândia - SC,1333.33
4212809,Balneário Piçarras - SC,1517.0
4212908,Pinhalzinho - SC,1700.0
4213005,Pinheiro Preto - SC,1666.67
4213104,Piratuba - SC,1425.0
4213153,Planalto Alegre - SC,1500.0
4213203,Pomerode - SC,1666.67
4213302,Ponte Alta - SC,1000.0
4213351,Ponte Alta do Norte - SC,1000.0
4213401,Ponte Serrada - SC,1212.0
4213500,Porto Belo - SC,1500.0
4213609,Porto União - SC,1333.33
4213708,Pouso Redondo - SC,1300.0
4213807,Praia Grande - SC,1212.0
4213906,Presidente Castello Branco - SC,1400.0
4214003,Presidente Getúlio - SC,1500.0
4214102,Presidente Nereu - SC,1400.0
4214151,Princesa - SC,1481.0
4214201,Quilombo - SC,1350.0
4214300,Rancho Queimado - SC,1306.0
4214409,Rio das Antas - SC,1300.0
4214508,Rio do Campo - SC,1366.67
4214607,Rio do Oeste - SC,1666.67
4214706,Rio dos Cedros - SC,1456.0
4214805,Rio do Sul - SC,1750.0
4214904,Rio Fortuna - SC,1500.0
4215000,Rio Negrinho - SC,1300.0
4215059,Rio Rufino - SC,1212.0
4215075,Riqueza - SC,1350.0
4215109,Rodeio - SC,1625.0
4215208,Romelândia - SC,1500.0
4215307,Salete - SC,1506.0
4215356,Saltinho - SC,1212.0
4215406,Salto Veloso - SC,1490.0
4215455,Sangão - SC,1203.0
4215505,Santa Cecília - SC,1175.0
4215554,Santa Helena - SC,1428.0
4215604,Santa Rosa de Lima - SC,1625.0
4215653,Santa Rosa do Sul - SC,1250.0
4215679,Santa Terezinha - SC,1333.33
4215687,Santa Terezinha do Progresso - SC,1212.0
4215695,Santiago do Sul - SC,1212.0
4215703,Santo Amaro da Imperatriz - SC,1450.0
4215752,São Bernardino - SC,1450.0
4215802,São Bento do Sul - SC,1500.0
4215901,São Bonifácio - SC,1228.0
4216008,São Carlos - SC,1537.33
4216057,São Cristóvão do Sul - SC,1170.0
4216107,São Domingos - SC,1466.67
4216206,São Francisco do Sul - SC,1350.0
4216255,São João do Oeste - SC,2000.0
4216305,São João Batista - SC,1440.0
4216354,São João do Itaperiú - SC,1266.67
4216404,São João do Sul - SC,1212.0
4216503,São Joaquim - SC,1212.0
4216602,São José - SC,1667.33
4216701,São José do Cedro - SC,1640.0
4216800,São José do Cerrito - SC,975.0
4216909,São Lourenço do Oeste - SC,1515.0
4217006,São Ludgero - SC,1666.67
4217105,São Martinho - SC,1666.67
4217154,São Miguel da Boa Vista - SC,1343.33
4217204,São Miguel do Oeste - SC,1860.0
4217253,São Pedro de Alcântara - SC,1650.0
4217303,Saudades - SC,1530.0
4217402,Schroeder - SC,1625.0
4217501,Seara - SC,1566.67
4217550,Serra Alta - SC,1475.0
4217600,Siderópolis - SC,1500.0
4217709,Sombrio - SC,1266.67
4217758,Sul Brasil - SC,1700.0
4217808,Taió - SC,1537.33
4217907,Tangará - SC,1408.0
4217956,Tigrinhos - SC,1233.33
4218004,Tijucas - SC,1500.0
4218103,Timbé do Sul - SC,1356.0
4218202,Timbó - SC,1680.0
4218251,Timbó Grande - SC,900.0
4218301,Três Barras - SC,1006.0
4218350,Treviso - SC,1675.0
4218400,Treze de Maio - SC,1212.0
4218509,Treze Tílias - SC,1833.33
4218608,Trombudo Central - SC,1700.0
4218707,Tubarão - SC,1600.0
4218756,Tunápolis - SC,1625.0
4218806,Turvo - SC,1528.0
4218855,União do Oeste - SC,1600.0
4218905,Urubici - SC,1360.0
4218954,Urupema - SC,1162.8
4219002,Urussanga - SC,1500.0
4219101,Vargeão - SC,1425.0
4219150,Vargem - SC,1129.8
4219176,Vargem Bonita - SC,1300.0
4219200,Vidal Ramos - SC,1220.0
4219309,Videira - SC,1666.67
4219358,Vitor Meireles - SC,1300.0
4219408,Witmarsum - SC,1675.0
4219507,Xanxerê - SC,1550.0
4219606,Xavantina - SC,1832.5
4219705,Xaxim - SC,1553.0
4219853,Zortéa - SC,1212.0
4220000,Balneário Rincão - SC,1220.0
4300034,Aceguá - RS,1000.0
4300059,Água Santa - RS,1212.0
4300109,Agudo - RS,1260.0
4300208,Ajuricaba - RS,1500.0
4300307,Alecrim - RS,1212.0
4300406,Alegrete - RS,1183.33
4300455,Alegria - RS,1400.0
4300471,Almirante Tamandaré do Sul - RS,1600.0
4300505,Alpestre - RS,1400.0
4300554,Alto Alegre - RS,1233.33
4300570,Alto Feliz - RS,1586.67
4300604,Alvorada - RS,1070.67
4300638,Amaral Ferrador - RS,800.0
4300646,Ametista do Sul - RS,1212.0
4300661,André da Rocha - RS,1369.6
4300703,Anta Gorda - RS,1808.0
4300802,Antônio Prado - RS,1725.0
4300851,Arambaré - RS,1200.0
4300877,Araricá - RS,1212.0
4300901,Aratiba - RS,1818.0
4301008,Arroio do Meio - RS,1714.0
4301057,Arroio do Sal - RS,1250.0
4301073,Arroio do Padre - RS,1200.0
4301107,Arroio dos Ratos - RS,1212.0
4301206,Arroio do Tigre - RS,1212.0
4301305,Arroio Grande - RS,1068.5
4301404,Arvorezinha - RS,1212.0
4301503,Augusto Pestana - RS,1356.0
4301552,Áurea - RS,1268.0
4301602,Bagé - RS,1150.0
4301636,Balneário Pinhal - RS,1120.0
4301651,Barão - RS,1808.0
4301701,Barão de Cotegipe - RS,1540.5
4301750,Barão do Triunfo - RS,931.0
4301800,Barracão - RS,1212.0
4301859,Barra do Guarita - RS,1200.0
4301875,Barra do Quaraí - RS,900.0
4301909,Barra do Ribeiro - RS,1175.0
4301925,Barra do Rio Azul - RS,1625.0
4301958,Barra Funda - RS,1500.0
4302006,Barros Cassal - RS,1050.0
4302055,Benjamin Constant do Sul - RS,1033.33
4302105,Bento Gonçalves - RS,1900.0
4302154,Boa Vista das Missões - RS,1212.0
4302204,Boa Vista do Buricá - RS,1408.0
4302220,Boa Vista do Cadeado - RS,1212.0
4302238,Boa Vista do Incra - RS,1125.0
4302253,Boa Vista do Sul - RS,1837.33
4302303,Bom Jesus - RS,875.0
4302352,Bom Princípio - RS,1693.0
4302378,Bom Progresso - RS,1170.67
4302402,Bom Retiro do Sul - RS,1400.0
4302451,Boqueirão do Leão - RS,1212.0
4302501,Bossoroca - RS,1100.0
4302584,Bozano - RS,1212.0
4302600,Braga - RS,1025.0
4302659,Brochier - RS,1500.0
4302709,Butiá - RS,1033.33
4302808,Caçapava do Sul - RS,1133.33
4302907,Cacequi - RS,1066.0
4303004,Cachoeira do Sul - RS,1212.0
4303103,Cachoeirinha - RS,1350.0
4303202,Cacique Doble - RS,903.0
4303301,Caibaté - RS,1333.33
4303400,Caiçara - RS,1341.33
4303509,Camaquã - RS,1200.0
4303558,Camargo - RS,1460.57
4303608,Cambará do Sul - RS,1212.0
4303673,Campestre da Serra - RS,1200.0
4303707,Campina das Missões - RS,1474.67
4303806,Campinas do Sul - RS,1375.0
4303905,Campo Bom - RS,1450.0
4304002,Campo Novo - RS,1200.0
4304101,Campos Borges - RS,1212.0
4304200,Candelária - RS,1200.0
4304309,Cândido Godói - RS,1500.0
4304358,Candiota - RS,1100.0
4304408,Canela - RS,1500.0
4304507,Canguçu - RS,1150.0
4304606,Canoas - RS,1380.0
4304614,Canudos do Vale - RS,1333.33
4304622,Capão Bonito do Sul - RS,1212.0
4304630,Capão da Canoa - RS,1250.0
4304655,Capão do Cipó - RS,1212.0
4304663,Capão do Leão - RS,933.33
4304671,Capivari do Sul - RS,1212.0
4304689,Capela de Santana - RS,1200.0
4304697,Capitão - RS,1378.0
4304705,Carazinho - RS,1423.0
4304713,Caraá - RS,1212.0
4304804,Carlos Barbosa - RS,2066.67
4304853,Carlos Gomes - RS,1212.0
4304903,Casca - RS,1941.33
4304952,Caseiros - RS,1212.0
4305009,Catuípe - RS,1250.0
4305108,Caxias do Sul - RS,1666.67
4305116,Centenário - RS,1212.0
4305124,Cerrito - RS,1000.0
4305132,Cerro Branco - RS,1212.0
4305157,Cerro Grande - RS,1266.67
4305173,Cerro Grande do Sul - RS,1053.0
4305207,Cerro Largo - RS,1403.0
4305306,Chapada - RS,1333.33
4305355,Charqueadas - RS,1333.33
4305371,Charrua - RS,1175.0
4305405,Chiapetta - RS,1212.0
4305439,Chuí - RS,1166.67
4305447,Chuvisca - RS,1212.0
4305454,Cidreira - RS,1200.0
4305504,Ciríaco - RS,1220.0
4305587,Colinas - RS,1712.0
4305603,Colorado - RS,1600.0
4305702,Condor - RS,1266.67
4305801,Constantina - RS,1339.33
4305835,Coqueiro Baixo - RS,1712.0
4305850,Coqueiros do Sul - RS,1500.0
4305871,Coronel Barros - RS,1500.0
4305900,Coronel Bicaco - RS,1000.0
4305934,Coronel Pilar - RS,2380.0
4305959,Cotiporã - RS,1625.0
4305975,Coxilha - RS,1212.0
4306007,Crissiumal - RS,1266.67
4306056,Cristal - RS,1125.0
4306072,Cristal do Sul - RS,1200.0
4306106,Cruz Alta - RS,1300.0
4306130,Cruzaltense - RS,1400.0
4306205,Cruzeiro do Sul - RS,1380.0
4306304,David Canabarro - RS,1359.0
4306320,Derrubadas - RS,1212.0
4306353,Dezesseis de Novembro - RS,1212.0
4306379,Dilermando de Aguiar - RS,1215.0
4306403,Dois Irmãos - RS,1737.33
4306429,Dois Irmãos das Missões - RS,1000.0
4306452,Dois Lajeados - RS,1212.0
4306502,Dom Feliciano - RS,1000.0
4306551,Dom Pedro de Alcântara - RS,1212.0
4306601,Dom Pedrito - RS,1066.67
4306700,Dona Francisca - RS,1212.0
4306734,Doutor Maurício Cardoso - RS,1300.0
4306759,Doutor Ricardo - RS,1533.33
4306767,Eldorado do Sul - RS,1106.0
4306809,Encantado - RS,1650.0
4306908,Encruzilhada do Sul - RS,1100.0
4306924,Engenho Velho - RS,1212.0
4306932,Entre-Ijuís - RS,1212.0
4306957,Entre Rios do Sul - RS,1212.0
4306973,Erebango - RS,1000.0
4307005,Erechim - RS,1700.0
4307054,Ernestina - RS,1380.0
4307104,Herval - RS,970.67
4307203,Erval Grande - RS,1212.0
4307302,Erval Seco - RS,1150.0
4307401,Esmeralda - RS,1066.67
4307450,Esperança do Sul - RS,1212.0
4307500,Espumoso - RS,1349.0
4307559,Estação - RS,1400.0
4307609,Estância Velha - RS,1450.0
4307708,Esteio - RS,1350.0
4307807,Estrela - RS,1625.0
4307815,Estrela Velha - RS,1284.0
4307831,Eugênio de Castro - RS,1212.0
4307864,Fagundes Varela - RS,1624.8
4307906,Farroupilha - RS,1737.33
4308003,Faxinal do Soturno - RS,1355.5
4308052,Faxinalzinho - RS,1212.0
4308078,Fazenda Vilanova - RS,1212.0
4308102,Feliz - RS,1750.0
4308201,Flores da Cunha - RS,1766.67
4308250,Floriano Peixoto - RS,1250.0
4308300,Fontoura Xavier - RS,1190.0
4308409,Formigueiro - RS,1200.0
4308433,Forquetinha - RS,1212.0
4308458,Fortaleza dos Valos - RS,1350.0
4308508,Frederico Westphalen - RS,1525.0
4308607,Garibaldi - RS,1950.0
4308656,Garruchos - RS,1004.0
4308706,Gaurama - RS,1633.33
4308805,General Câmara - RS,1150.0
4308854,Gentil - RS,1687.5
4308904,Getúlio Vargas - RS,1583.33
4309001,Giruá - RS,1212.0
4309050,Glorinha - RS,1200.0
4309100,Gramado - RS,1750.0
4309126,Gramado dos Loureiros - RS,1106.0
4309159,Gramado Xavier - RS,966.67
4309209,Gravataí - RS,1250.0
4309258,Guabiju - RS,1212.0
4309308,Guaíba - RS,1212.0
4309407,Guaporé - RS,1666.67
4309506,Guarani das Missões - RS,1400.0
4309555,Harmonia - RS,1700.0
4309571,Herveiras - RS,1210.0
4309605,Horizontina - RS,1700.0
4309654,Hulha Negra - RS,866.67
4309704,Humaitá - RS,1212.0
4309753,Ibarama - RS,1200.0
4309803,Ibiaçá - RS,1212.0
4309902,Ibiraiaras - RS,1606.0
4309951,Ibirapuitã - RS,1212.0
4310009,Ibirubá - RS,1800.0
4310108,Igrejinha - RS,1350.0
4310207,Ijuí - RS,1503.0
4310306,Ilópolis - RS,1503.0
4310330,Imbé - RS,1212.0
4310363,Imigrante - RS,1912.0
4310405,Independência - RS,1284.0
4310413,Inhacorá - RS,1070.67
4310439,Ipê - RS,1500.0
4310462,Ipiranga do Sul - RS,1659.0
4310504,Iraí - RS,1178.67
4310538,Itaara - RS,1273.33
4310553,Itacurubi - RS,1141.33
4310579,Itapuca - RS,1350.0
4310603,Itaqui - RS,1033.33
4310652,Itati - RS,1200.0
4310702,Itatiba do Sul - RS,1212.0
4310751,Ivorá - RS,1375.0
4310801,Ivoti - RS,1720.67
4310850,Jaboticaba - RS,1066.67
4310876,Jacuizinho - RS,952.33
4310900,Jacutinga - RS,1450.0
4311007,Jaguarão - RS,1200.0
4311106,Jaguari - RS,1212.0
4311122,Jaquirana - RS,860.0
4311130,Jari - RS,1066.67
4311155,Jóia - RS,1200.0
4311205,Júlio de Castilhos - RS,1200.0
4311239,Lagoa Bonita do Sul - RS,1212.0
4311254,Lagoão - RS,1000.0
4311270,Lagoa dos Três Cantos - RS,1700.0
4311304,Lagoa Vermelha - RS,1256.0
4311403,Lajeado - RS,1760.0
4311429,Lajeado do Bugre - RS,808.0
4311502,Lavras do Sul - RS,1066.67
4311601,Liberato Salzano - RS,1212.0
4311627,Lindolfo Collor - RS,1300.0
4311643,Linha Nova - RS,1450.0
4311700,Machadinho - RS,1175.0
4311718,Maçambará - RS,933.33
4311734,Mampituba - RS,1200.0
4311759,Manoel Viana - RS,1133.33
4311775,Maquiné - RS,1200.0
4311791,Maratá - RS,1612.0
4311809,Marau - RS,1650.0
4311908,Marcelino Ramos - RS,1428.0
4311981,Mariana Pimentel - RS,1212.0
4312005,Mariano Moro - RS,1500.0
4312054,Marques de Souza - RS,1356.0
4312104,Mata - RS,1204.0
4312138,Mato Castelhano - RS,1212.0
4312153,Mato Leitão - RS,1303.0
4312179,Mato Queimado - RS,1204.0
4312203,Maximiliano de Almeida - RS,1212.0
4312252,Minas do Leão - RS,1009.67
4312302,Miraguaí - RS,1050.0
4312351,Montauri - RS,2080.67
4312377,Monte Alegre dos Campos - RS,960.0
4312385,Monte Belo do Sul - RS,1600.0
4312401,Montenegro - RS,1325.0
4312427,Mormaço - RS,1212.0
4312443,Morrinhos do Sul - RS,1212.0
4312450,Morro Redondo - RS,1200.0
4312476,Morro Reuter - RS,1533.33
4312500,Mostardas - RS,1006.0
4312609,Muçum - RS,1606.0
4312617,Muitos Capões - RS,1166.67
4312625,Muliterno - RS,1308.0
4312658,Não-Me-Toque - RS,1737.33
4312674,Nicolau Vergueiro - RS,1556.0
4312708,Nonoai - RS,1150.0
4312757,Nova Alvorada - RS,1912.0
4312807,Nova Araçá - RS,1600.0
4312906,Nova Bassano - RS,1650.0
4312955,Nova Boa Vista - RS,1818.0
4313003,Nova Bréscia - RS,1808.0
4313011,Nova Candelária - RS,1800.0
4313037,Nova Esperança do Sul - RS,1212.0
4313060,Nova Hartz - RS,1250.0
4313086,Nova Pádua - RS,1962.0
4313102,Nova Palma - RS,1300.0
4313201,Nova Petrópolis - RS,1712.5
4313300,Nova Prata - RS,1600.0
4313334,Nova Ramada - RS,1616.0
4313359,Nova Roma do Sul - RS,1666.67
4313375,Nova Santa Rita - RS,1200.0
4313391,Novo Cabrais - RS,1212.0
4313409,Novo Hamburgo - RS,1380.0
4313425,Novo Machado - RS,1200.0
4313441,Novo Tiradentes - RS,1200.0
4313466,Novo Xingu - RS,1500.0
4313490,Novo Barreiro - RS,1100.0
4313508,Osório - RS,1416.0
4313607,Paim Filho - RS,1212.0
4313656,Palmares do Sul - RS,1040.0
4313706,Palmeira das Missões - RS,1183.33
4313805,Palmitinho - RS,1212.0
4313904,Panambi - RS,1642.4
4313953,Pantano Grande - RS,1053.0
4314001,Paraí - RS,1778.0
4314027,Paraíso do Sul - RS,1000.0
4314035,Pareci Novo - RS,1356.0
4314050,Parobé - RS,1225.0
4314068,Passa Sete - RS,960.0
4314076,Passo do Sobrado - RS,1212.0
4314100,Passo Fundo - RS,1500.0
4314134,Paulo Bento - RS,2000.0
4314159,Paverama - RS,1212.0
4314175,Pedras Altas - RS,1200.0
4314209,Pedro Osório - RS,906.0
4314308,Pejuçara - RS,1228.0
4314407,Pelotas - RS,1212.0
4314423,Picada Café - RS,1666.67
4314456,Pinhal - RS,1200.0
4314464,Pinhal da Serra - RS,1133.33
4314472,Pinhal Grande - RS,1312.0
4314498,Pinheirinho do Vale - RS,1212.0
4314506,Pinheiro Machado - RS,1050.0
4314548,Pinto Bandeira - RS,1975.0
4314555,Pirapó - RS,1056.0
4314605,Piratini - RS,1000.0
4314704,Planalto - RS,1000.0
4314753,Poço das Antas - RS,1496.5
4314779,Pontão - RS,1212.0
4314787,Ponte Preta - RS,1553.0
4314803,Portão - RS,1300.0
4314902,Porto Alegre - RS,1700.0
4315008,Porto Lucena - RS,1212.0
4315057,Porto Mauá - RS,1212.0
4315073,Porto Vera Cruz - RS,1212.0
4315107,Porto Xavier - RS,1212.0
4315131,Pouso Novo - RS,1250.0
4315149,Presidente Lucena - RS,1350.0
4315156,Progresso - RS,1212.0
4315172,Protásio Alves - RS,1715.0
4315206,Putinga - RS,1462.0
4315305,Quaraí - RS,1028.57
4315313,Quatro Irmãos - RS,1212.0
4315321,Quevedos - RS,1087.5
4315354,Quinze de Novembro - RS,1684.0
4315404,Redentora - RS,606.0
4315453,Relvado - RS,1606.0
4315503,Restinga Sêca - RS,1200.0
4315552,Rio dos Índios - RS,1212.0
4315602,Rio Grande - RS,1200.0
4315701,Rio Pardo - RS,1100.0
4315750,Riozinho - RS,1226.67
4315800,Roca Sales - RS,1456.0
4315909,Rodeio Bonito - RS,1380.0
4315958,Rolador - RS,1050.0
4316006,Rolante - RS,1287.33
4316105,Ronda Alta - RS,1350.0
4316204,Rondinha - RS,1333.33
4316303,Roque Gonzales - RS,1222.4
4316402,Rosário do Sul - RS,1150.0
4316428,Sagrada Família - RS,1212.0
4316436,Saldanha Marinho - RS,1300.0
4316451,Salto do Jacuí - RS,1180.0
4316477,Salvador das Missões - RS,1237.33
4316501,Salvador do Sul - RS,1650.0
4316600,Sananduva - RS,1370.67
4316709,Santa Bárbara do Sul - RS,1300.0
4316733,Santa Cecília do Sul - RS,1356.0
4316758,Santa Clara do Sul - RS,1474.67
4316808,Santa Cruz do Sul - RS,1500.0
4316907,Santa Maria - RS,1450.0
4316956,Santa Maria do Herval - RS,1475.0
4316972,Santa Margarida do Sul - RS,1166.67
4317004,Santana da Boa Vista - RS,900.0
4317103,Sant'Ana do Livramento - RS,1084.8
4317202,Santa Rosa - RS,1575.0
4317251,Santa Tereza - RS,2000.0
4317301,Santa Vitória do Palmar - RS,1106.0
4317400,Santiago - RS,1342.4
4317509,Santo Ângelo - RS,1333.33
4317558,Santo Antônio do Palma - RS,1401.0
4317608,Santo Antônio da Patrulha - RS,1212.0
4317707,Santo Antônio das Missões - RS,1104.0
4317756,Santo Antônio do Planalto - RS,1462.0
4317806,Santo Augusto - RS,1212.0
4317905,Santo Cristo - RS,1404.0
4317954,Santo Expedito do Sul - RS,1400.0
4318002,São Borja - RS,1100.0
4318051,São Domingos do Sul - RS,1866.67
4318101,São Francisco de Assis - RS,1212.0
4318200,São Francisco de Paula - RS,1200.0
4318309,São Gabriel - RS,1051.0
4318408,São Jerônimo - RS,1100.0
4318424,São João da Urtiga - RS,1378.0
4318432,São João do Polêsine - RS,1400.0
4318440,São Jorge - RS,1415.0
4318457,São José das Missões - RS,1125.0
4318465,São José do Herval - RS,1066.67
4318481,São José do Hortêncio - RS,1608.0
4318499,São José do Inhacorá - RS,1470.67
4318507,São José do Norte - RS,958.86
4318606,São José do Ouro - RS,1375.0
4318614,São José do Sul - RS,1250.0
4318622,São José dos Ausentes - RS,808.0
4318705,São Leopoldo - RS,1300.0
4318804,São Lourenço do Sul - RS,1212.0
4318903,São Luiz Gonzaga - RS,1212.0
4319000,São Marcos - RS,1462.0
4319109,São Martinho - RS,1384.0
4319125,São Martinho da Serra - RS,1212.0
4319158,São Miguel das Missões - RS,1200.0
4319208,São Nicolau - RS,1053.0
4319307,São Paulo das Missões - RS,1250.0
4319356,São Pedro da Serra - RS,1633.33
4319364,São Pedro das Missões - RS,974.67
4319372,São Pedro do Butiá - RS,1506.0
4319406,São Pedro do Sul - RS,1212.0
4319505,São Sebastião do Caí - RS,1300.0
4319604,São Sepé - RS,1212.0
4319703,São Valentim - RS,1378.0
4319711,São Valentim do Sul - RS,1212.0
4319737,São Valério do Sul - RS,620.25
4319752,São Vendelino - RS,1928.0
4319802,São Vicente do Sul - RS,1053.0
4319901,Sapiranga - RS,1256.0
4320008,Sapucaia do Sul - RS,1250.0
4320107,Sarandi - RS,1306.0
4320206,Seberi - RS,1212.0
4320230,Sede Nova - RS,1212.0
4320263,Segredo - RS,1212.0
4320305,Selbach - RS,1733.33
4320321,Senador Salgado Filho - RS,1200.0
4320354,Sentinela do Sul - RS,1000.0
4320404,Serafina Corrêa - RS,1625.0
4320453,Sério - RS,1400.0
4320503,Sertão - RS,1000.0
4320552,Sertão Santana - RS,1212.0
4320578,Sete de Setembro - RS,1200.0
4320602,Severiano de Almeida - RS,1700.0
4320651,Silveira Martins - RS,1387.33
4320677,Sinimbu - RS,1200.0
4320701,Sobradinho - RS,1250.0
4320800,Soledade - RS,1278.0
4320859,Tabaí - RS,1266.67
4320909,Tapejara - RS,1425.0
4321006,Tapera - RS,1450.0
4321105,Tapes - RS,1050.0
4321204,Taquara - RS,1250.0
4321303,Taquari - RS,1250.0
4321329,Taquaruçu do Sul - RS,1366.67
4321352,Tavares - RS,1204.0
4321402,Tenente Portela - RS,1212.0
4321436,Terra de Areia - RS,1212.0
4321451,Teutônia - RS,1500.0
4321469,Tio Hugo - RS,1366.67
4321477,Tiradentes do Sul - RS,1212.0
4321493,Toropi - RS,1212.0
4321501,Torres - RS,1416.67
4321600,Tramandaí - RS,1212.5
4321626,Travesseiro - RS,1251.0
4321634,Três Arroios - RS,1803.0
4321667,Três Cachoeiras - RS,1300.0
4321709,Três Coroas - RS,1296.0
4321808,Três de Maio - RS,1474.67
4321832,Três Forquilhas - RS,1212.0
4321857,Três Palmeiras - RS,920.0
4321907,Três Passos - RS,1333.33
4321956,Trindade do Sul - RS,1436.67
4322004,Triunfo - RS,1200.0
4322103,Tucunduva - RS,1356.0
4322152,Tunas - RS,1008.0
4322186,Tupanci do Sul - RS,1200.0
4322202,Tupanciretã - RS,1056.0
4322251,Tupandi - RS,1500.25
4322301,Tuparendi - RS,1533.33
4322327,Turuçu - RS,1212.0
4322343,Ubiretama - RS,1290.0
4322350,União da Serra - RS,1725.0
4322376,Unistalda - RS,1070.67
4322400,Uruguaiana - RS,1073.14
4322509,Vacaria - RS,1237.33
4322525,Vale Verde - RS,1166.67
4322533,Vale do Sol - RS,1212.0
4322541,Vale Real - RS,1666.67
4322558,Vanini - RS,1356.0
4322608,Venâncio Aires - RS,1300.0
4322707,Vera Cruz - RS,1278.0
4322806,Veranópolis - RS,1600.0
4322855,Vespasiano Corrêa - RS,2271.67
4322905,Viadutos - RS,1290.0
4323002,Viamão - RS,1100.0
4323101,Vicente Dutra - RS,1137.33
4323200,Victor Graeff - RS,1666.67
4323309,Vila Flores - RS,1409.0
4323358,Vila Lângaro - RS,1212.0
4323408,Vila Maria - RS,1849.33
4323457,Vila Nova do Sul - RS,1106.0
4323507,Vista Alegre - RS,1375.0
4323606,Vista Alegre do Prata - RS,1600.0
4323705,Vista Gaúcha - RS,1375.0
4323754,Vitória das Missões - RS,1212.0
4323770,Westfália - RS,1950.0
4323804,Xangri-lá - RS,1400.0
5000203,Água Clara - MS,1200.0
5000252,Alcinópolis - MS,1066.67
5000609,Amambai - MS,844.8
5000708,Anastácio - MS,828.0
5000807,Anaurilândia - MS,1017.5
5000856,Angélica - MS,950.0
5000906,Antônio João - MS,650.0
5001003,Aparecida do Taboado - MS,1100.0
5001102,Aquidauana - MS,850.0
5001243,Aral Moreira - MS,733.33
5001508,Bandeirantes - MS,1212.0
5001904,Bataguassu - MS,1050.0
5002001,Batayporã - MS,1075.0
5002100,Bela Vista - MS,833.33
5002159,Bodoquena - MS,1000.0
5002209,Bonito - MS,1200.0
5002308,Brasilândia - MS,1066.67
5002407,Caarapó - MS,1000.0
5002605,Camapuã - MS,1212.0
5002704,Campo Grande - MS,1237.33
5002803,Caracol - MS,866.67
5002902,Cassilândia - MS,1200.0
5002951,Chapadão do Sul - MS,1408.0
5003108,Corguinho - MS,908.0
5003157,Coronel Sapucaia - MS,488.89
5003207,Corumbá - MS,875.0
5003256,Costa Rica - MS,1125.25
5003306,Coxim - MS,1100.0
5003454,Deodápolis - MS,1000.0
5003488,Dois Irmãos do Buriti - MS,833.33
5003504,Douradina - MS,909.0
5003702,Dourados - MS,1266.67
5003751,Eldorado - MS,972.67
5003801,Fátima do Sul - MS,1106.0
5003900,Figueirão - MS,1212.0
5004007,Glória de Dourados - MS,1204.0
5004106,Guia Lopes da Laguna - MS,886.67
5004304,Iguatemi - MS,1050.0
5004403,Inocência - MS,1212.0
5004502,Itaporã - MS,910.0
5004601,Itaquiraí - MS,903.0
5004700,Ivinhema - MS,1116.67
5004809,Japorã - MS,500.0
5004908,Jaraguari - MS,1025.0
5005004,Jardim - MS,1012.0
5005103,Jateí - MS,1004.0
5005152,Juti - MS,903.0
5005202,Ladário - MS,800.0
5005251,Laguna Carapã - MS,940.0
5005400,Maracaju - MS,1237.33
5005608,Miranda - MS,633.33
5005681,Mundo Novo - MS,1140.0
5005707,Naviraí - MS,1206.0
5005806,Nioaque - MS,920.0
5006002,Nova Alvorada do Sul - MS,950.0
5006200,Nova Andradina - MS,1200.0
5006259,Novo Horizonte do Sul - MS,1166.67
5006275,Paraíso das Águas - MS,1250.0
5006309,Paranaíba - MS,1212.0
5006358,Paranhos - MS,450.0
5006408,Pedro Gomes - MS,909.0
5006606,Ponta Porã - MS,900.0
5006903,Porto Murtinho - MS,833.33
5007109,Ribas do Rio Pardo - MS,1162.0
5007208,Rio Brilhante - MS,1091.2
5007307,Rio Negro - MS,1212.0
5007406,Rio Verde de Mato Grosso - MS,1166.67
5007505,Rochedo - MS,950.0
5007554,Santa Rita do Pardo - MS,925.0
5007695,São Gabriel do Oeste - MS,1350.0
5007703,Sete Quedas - MS,940.0
5007802,Selvíria - MS,1000.5
5007901,Sidrolândia - MS,925.0
5007935,Sonora - MS,1125.0
5007950,Tacuru - MS,488.89
5007976,Taquarussu - MS,1184.5
5008008,Terenos - MS,932.0
5008305,Três Lagoas - MS,1203.43
5008404,Vicentina - MS,1175.0
5100102,Acorizal - MT,1000.0
5100201,Água Boa - MT,1500.0
5100250,Alta Floresta - MT,1266.67
5100300,Alto Araguaia - MT,1237.33
5100359,Alto Boa Vista - MT,840.0
5100409,Alto Garças - MT,1084.8
5100508,Alto Paraguai - MT,826.67
5100607,Alto Taquari - MT,1250.0
5100805,Apiacás - MT,1150.0
5101001,Araguaiana - MT,1040.0
5101209,Araguainha - MT,1212.0
5101258,Araputanga - MT,1100.0
5101308,Arenápolis - MT,1212.0
5101407,Aripuanã - MT,1403.0
5101605,Barão de Melgaço - MT,768.0
5101704,Barra do Bugres - MT,1000.0
5101803,Barra do Garças - MT,1200.0
5101852,Bom Jesus do Araguaia - MT,1100.0
5101902,Brasnorte - MT,1200.0
5102504,Cáceres - MT,966.67
5102603,Campinápolis - MT,366.33
5102637,Campo Novo do Parecis - MT,1271.43
5102678,Campo Verde - MT,1212.0
5102686,Campos de Júlio - MT,1282.4
5102694,Canabrava do Norte - MT,1200.0
5102702,Canarana - MT,1375.0
5102793,Carlinda - MT,1204.0
5102850,Castanheira - MT,1100.0
5103007,Chapada dos Guimarães - MT,1106.0
5103056,Cláudia - MT,1200.0
5103106,Cocalinho - MT,1150.0
5103205,Colíder - MT,1300.0
5103254,Colniza - MT,900.0
5103304,Comodoro - MT,1133.0
5103353,Confresa - MT,1075.0
5103361,Conquista D'Oeste - MT,1200.0
5103379,Cotriguaçu - MT,1033.33
5103403,Cuiabá - MT,1300.0
5103437,Curvelândia - MT,1000.0
5103452,Denise - MT,1100.0
5103502,Diamantino - MT,1212.0
5103601,Dom Aquino - MT,1125.0
5103700,Feliz Natal - MT,1021.33
5103809,Figueirópolis D'Oeste - MT,1100.0
5103858,Gaúcha do Norte - MT,985.33
5103908,General Carneiro - MT,733.33
5103957,Glória D'Oeste - MT,902.0
5104104,Guarantã do Norte - MT,1180.0
5104203,Guiratinga - MT,1200.0
5104500,Indiavaí - MT,1071.0
5104526,Ipiranga do Norte - MT,1400.0
5104542,Itanhangá - MT,1212.0
5104559,Itaúba - MT,1200.0
5104609,Itiquira - MT,1200.0
5104807,Jaciara - MT,1141.33
5104906,Jangada - MT,833.33
5105002,Jauru - MT,1212.0
5105101,Juara - MT,1200.0
5105150,Juína - MT,1200.0
5105176,Juruena - MT,1200.0
5105200,Juscimeira - MT,1000.0
5105234,Lambari D'Oeste - MT,985.33
5105259,Lucas do Rio Verde - MT,1500.0
5105309,Luciara - MT,778.29
5105507,Vila Bela da Santíssima Trindade - MT,906.0
5105580,Marcelândia - MT,1100.0
5105606,Matupá - MT,1333.33
5105622,Mirassol d'Oeste - MT,1106.0
5105903,Nobres - MT,1073.14
5106000,Nortelândia - MT,1057.0
5106109,Nossa Senhora do Livramento - MT,808.0
5106158,Nova Bandeirantes - MT,1100.0
5106174,Nova Nazaré - MT,800.0
5106182,Nova Lacerda - MT,1120.0
5106190,Nova Santa Helena - MT,1212.0
5106208,Nova Brasilândia - MT,892.86
5106216,Nova Canaã do Norte - MT,1200.0
5106224,Nova Mutum - MT,1525.0
5106232,Nova Olímpia - MT,1060.0
5106240,Nova Ubiratã - MT,1200.0
5106257,Nova Xavantina - MT,1200.4
5106265,Novo Mundo - MT,1000.0
5106273,Novo Horizonte do Norte - MT,1250.0
5106281,Novo São Joaquim - MT,1204.0
5106299,Paranaíta - MT,1212.0
5106307,Paranatinga - MT,1081.0
5106315,Novo Santo Antônio - MT,1004.8
5106372,Pedra Preta - MT,1166.67
5106422,Peixoto de Azevedo - MT,808.0
5106455,Planalto da Serra - MT,1203.0
5106505,Poconé - MT,857.14
5106653,Pontal do Araguaia - MT,1212.0
5106703,Ponte Branca - MT,1212.0
5106752,Pontes e Lacerda - MT,1176.29
5106778,Porto Alegre do Norte - MT,1075.0
5106802,Porto dos Gaúchos - MT,1266.67
5106828,Porto Esperidião - MT,850.0
5106851,Porto Estrela - MT,750.0
5107008,Poxoréu - MT,845.33
5107040,Primavera do Leste - MT,1460.0
5107065,Querência - MT,1250.0
5107107,São José dos Quatro Marcos - MT,1050.0
5107156,Reserva do Cabaçal - MT,1100.0
5107180,Ribeirão Cascalheira - MT,1200.0
5107198,Ribeirãozinho - MT,1212.0
5107206,Rio Branco - MT,1166.67
5107248,Santa Carmem - MT,1212.0
5107263,Santo Afonso - MT,1210.0
5107297,São José do Povo - MT,1212.0
5107305,São José do Rio Claro - MT,1000.0
5107354,São José do Xingu - MT,1037.33
5107404,São Pedro da Cipa - MT,1000.0
5107578,Rondolândia - MT,606.0
5107602,Rondonópolis - MT,1212.5
5107701,Rosário Oeste - MT,937.33
5107743,Santa Cruz do Xingu - MT,1181.78
5107750,Salto do Céu - MT,1100.0
5107768,Santa Rita do Trivelato - MT,1185.71
5107776,Santa Terezinha - MT,606.0
5107792,Santo Antônio do Leste - MT,903.0
5107800,Santo Antônio de Leverger - MT,850.0
5107859,São Félix do Araguaia - MT,1142.4
5107875,Sapezal - MT,1462.5
5107883,Serra Nova Dourada - MT,1250.0
5107909,Sinop - MT,1500.0
5107925,Sorriso - MT,1500.0
5107941,Tabaporã - MT,1200.0
5107958,Tangará da Serra - MT,1250.0
5108006,Tapurah - MT,1300.0
5108055,Terra Nova do Norte - MT,1200.0
5108105,Tesouro - MT,1000.0
5108204,Torixoréu - MT,1204.0
5108303,União do Sul - MT,1125.0
5108352,Vale de São Domingos - MT,1133.33
5108402,Várzea Grande - MT,1075.0
5108501,Vera - MT,1212.0
5108600,Vila Rica - MT,1206.0
5108808,Nova Guarita - MT,987.43
5108857,Nova Marilândia - MT,1141.75
5108907,Nova Maringá - MT,1227.0
5108956,Nova Monte Verde - MT,1200.0
5200050,Abadia de Goiás - GO,825.0
5200100,Abadiânia - GO,856.0
5200134,Acreúna - GO,1066.67
5200159,Adelândia - GO,1150.0
5200175,Água Fria de Goiás - GO,842.4
5200209,Água Limpa - GO,1212.0
5200258,Águas Lindas de Goiás - GO,800.0
5200308,Alexânia - GO,909.0
5200506,Aloândia - GO,1250.0
5200555,Alto Horizonte - GO,1166.67
5200605,Alto Paraíso de Goiás - GO,1178.75
5200803,Alvorada do Norte - GO,777.2
5200829,Amaralina - GO,909.0
5200852,Americano do Brasil - GO,700.0
5200902,Amorinópolis - GO,1212.0
5201108,Anápolis - GO,1200.0
5201207,Anhanguera - GO,1300.0
5201306,Anicuns - GO,1142.4
5201405,Aparecida de Goiânia - GO,1066.67
5201454,Aparecida do Rio Doce - GO,1071.0
5201504,Aporé - GO,1212.0
5201603,Araçu - GO,1112.0
5201702,Aragarças - GO,1025.0
5201801,Aragoiânia - GO,800.0
5202155,Araguapaz - GO,1000.0
5202353,Arenópolis - GO,1204.5
5202502,Aruanã - GO,1133.33
5202601,Aurilândia - GO,1106.0
5202809,Avelinópolis - GO,1093.33
5203104,Baliza - GO,875.0
5203203,Barro Alto - GO,1000.0
5203302,Bela Vista de Goiás - GO,1133.33
5203401,Bom Jardim de Goiás - GO,1067.33
5203500,Bom Jesus de Goiás - GO,1115.5
5203559,Bonfinópolis - GO,1030.0
5203575,Bonópolis - GO,969.6
5203609,Brazabrantes - GO,1070.67
5203807,Britânia - GO,1100.0
5203906,Buriti Alegre - GO,1200.0
5203939,Buriti de Goiás - GO,1200.0
5203962,Buritinópolis - GO,728.0
5204003,Cabeceiras - GO,900.0
5204102,Cachoeira Alta - GO,1050.0
5204201,Cachoeira de Goiás - GO,1000.0
5204250,Cachoeira Dourada - GO,1200.0
5204300,Caçu - GO,1212.0
5204409,Caiapônia - GO,1212.0
5204508,Caldas Novas - GO,1133.75
5204557,Caldazinha - GO,1078.0
5204607,Campestre de Goiás - GO,1000.0
5204656,Campinaçu - GO,1000.0
5204706,Campinorte - GO,1000.0
5204805,Campo Alegre de Goiás - GO,1166.67
5204854,Campo Limpo de Goiás - GO,900.0
5204904,Campos Belos - GO,808.0
5204953,Campos Verdes - GO,808.0
5205000,Carmo do Rio Verde - GO,1000.0
5205059,Castelândia - GO,1053.0
5205109,Catalão - GO,1320.0
5205208,Caturaí - GO,906.0
5205307,Cavalcante - GO,666.67
5205406,Ceres - GO,1237.33
5205455,Cezarina - GO,1133.33
5205471,Chapadão do Céu - GO,1489.5
5205497,Cidade Ocidental - GO,870.67
5205513,Cocalzinho de Goiás - GO,833.33
5205521,Colinas do Sul - GO,825.0
5205703,Córrego do Ouro - GO,1212.0
5205802,Corumbá de Goiás - GO,906.0
5205901,Corumbaíba - GO,1212.0
5206206,Cristalina - GO,900.0
5206305,Cristianópolis - GO,1106.0
5206404,Crixás - GO,1106.0
5206503,Cromínia - GO,1204.0
5206602,Cumari - GO,1050.0
5206701,Damianópolis - GO,700.0
5206800,Damolândia - GO,808.0
5206909,Davinópolis - GO,1042.4
5207105,Diorama - GO,1212.0
5207253,Doverlândia - GO,1200.0
5207352,Edealina - GO,1212.0
5207402,Edéia - GO,1160.0
5207501,Estrela do Norte - GO,1012.0
5207535,Faina - GO,1000.0
5207600,Fazenda Nova - GO,1212.0
5207808,Firminópolis - GO,1212.0
5207907,Flores de Goiás - GO,642.0
5208004,Formosa - GO,1042.4
5208103,Formoso - GO,1074.67
5208152,Gameleira de Goiás - GO,1006.0
5208301,Divinópolis de Goiás - GO,800.0
5208400,Goianápolis - GO,966.67
5208509,Goiandira - GO,1212.0
5208608,Goianésia - GO,1200.0
5208707,Goiânia - GO,1450.0
5208806,Goianira - GO,900.0
5208905,Goiás - GO,1200.0
5209101,Goiatuba - GO,1212.0
5209150,Gouvelândia - GO,1100.0
5209200,Guapó - GO,937.25
5209291,Guaraíta - GO,1100.0
5209408,Guarani de Goiás - GO,723.0
5209457,Guarinos - GO,900.0
5209606,Heitoraí - GO,1066.67
5209705,Hidrolândia - GO,1109.67
5209804,Hidrolina - GO,1084.8
5209903,Iaciara - GO,700.0
5209937,Inaciolândia - GO,1008.0
5209952,Indiara - GO,1100.0
5210000,Inhumas - GO,1140.0
5210109,Ipameri - GO,1181.0
5210158,Ipiranga de Goiás - GO,1206.0
5210208,Iporá - GO,1212.0
5210307,Israelândia - GO,1010.0
5210406,Itaberaí - GO,1069.6
5210562,Itaguari - GO,1133.33
5210604,Itaguaru - GO,973.14
5210802,Itajá - GO,1200.0
5210901,Itapaci - GO,1000.0
5211008,Itapirapuã - GO,1151.33
5211206,Itapuranga - GO,1031.0
5211305,Itarumã - GO,1170.67
5211404,Itauçu - GO,1200.0
5211503,Itumbiara - GO,1212.0
5211602,Ivolândia - GO,1112.0
5211701,Jandaia - GO,1212.0
5211800,Jaraguá - GO,1000.0
5211909,Jataí - GO,1212.0
5212006,Jaupaci - GO,808.0
5212055,Jesúpolis - GO,850.0
5212105,Joviânia - GO,1212.0
5212204,Jussara - GO,1204.0
5212253,Lagoa Santa - GO,1100.0
5212303,Leopoldo de Bulhões - GO,902.4
5212501,Luziânia - GO,833.33
5212600,Mairipotaba - GO,1212.0
5212709,Mambaí - GO,813.33
5212808,Mara Rosa - GO,1200.0
5212907,Marzagão - GO,1150.0
5212956,Matrinchã - GO,975.0
5213004,Maurilândia - GO,1025.0
5213053,Mimoso de Goiás - GO,808.0
5213087,Minaçu - GO,966.67
5213103,Mineiros - GO,1100.0
5213400,Moiporá - GO,1212.0
5213509,Monte Alegre de Goiás - GO,600.0
5213707,Montes Claros de Goiás - GO,1212.0
5213756,Montividiu - GO,1250.0
5213772,Montividiu do Norte - GO,800.0
5213806,Morrinhos - GO,1212.0
5213855,Morro Agudo de Goiás - GO,880.0
5213905,Mossâmedes - GO,1100.0
5214002,Mozarlândia - GO,1212.0
5214051,Mundo Novo - GO,1033.33
5214101,Mutunópolis - GO,700.0
5214408,Nazário - GO,1054.0
5214507,Nerópolis - GO,975.0
5214606,Niquelândia - GO,1000.0
5214705,Nova América - GO,909.0
5214804,Nova Aurora - GO,1200.0
5214838,Nova Crixás - GO,1212.0
5214861,Nova Glória - GO,969.6
5214879,Nova Iguaçu de Goiás - GO,1055.0
5214903,Nova Roma - GO,808.0
5215009,Nova Veneza - GO,1133.33
5215207,Novo Brasil - GO,1200.0
5215231,Novo Gama - GO,784.8
5215256,Novo Planalto - GO,933.33
5215306,Orizona - GO,1212.0
5215405,Ouro Verde de Goiás - GO,1000.0
5215504,Ouvidor - GO,1150.0
5215603,Padre Bernardo - GO,685.33
5215652,Palestina de Goiás - GO,1056.0
5215702,Palmeiras de Goiás - GO,1000.0
5215801,Palmelo - GO,1212.0
5215900,Palminópolis - GO,1200.0
5216007,Panamá - GO,1066.67
5216304,Paranaiguara - GO,1000.0
5216403,Paraúna - GO,1166.67
5216452,Perolândia - GO,1125.0
5216809,Petrolina de Goiás - GO,1028.0
5216908,Pilar de Goiás - GO,889.33
5217104,Piracanjuba - GO,1212.0
5217203,Piranhas - GO,1212.0
5217302,Pirenópolis - GO,1075.0
5217401,Pires do Rio - GO,1212.0
5217609,Planaltina - GO,766.67
5217708,Pontalina - GO,1212.0
5218003,Porangatu - GO,1100.0
5218052,Porteirão - GO,1213.0
5218102,Portelândia - GO,1100.0
5218300,Posse - GO,904.0
5218391,Professor Jamil - GO,1084.8
5218508,Quirinópolis - GO,1212.0
5218607,Rialma - GO,1144.8
5218706,Rianápolis - GO,1212.0
5218789,Rio Quente - GO,1200.0
5218805,Rio Verde - GO,1212.0
5218904,Rubiataba - GO,1200.0
5219001,Sanclerlândia - GO,1212.0
5219100,Santa Bárbara de Goiás - GO,1050.0
5219209,Santa Cruz de Goiás - GO,1212.0
5219258,Santa Fé de Goiás - GO,1184.5
5219308,Santa Helena de Goiás - GO,1150.0
5219357,Santa Isabel - GO,1200.0
5219407,Santa Rita do Araguaia - GO,775.0
5219456,Santa Rita do Novo Destino - GO,750.0
5219506,Santa Rosa de Goiás - GO,1042.4
5219605,Santa Tereza de Goiás - GO,1000.0
5219704,Santa Terezinha de Goiás - GO,1003.0
5219712,Santo Antônio da Barra - GO,1000.0
5219738,Santo Antônio de Goiás - GO,1150.0
5219753,Santo Antônio do Descoberto - GO,762.4
5219803,São Domingos - GO,678.0
5219902,São Francisco de Goiás - GO,847.2
5220009,São João d'Aliança - GO,650.0
5220058,São João da Paraúna - GO,1150.0
5220108,São Luís de Montes Belos - GO,1212.0
5220157,São Luiz do Norte - GO,1000.0
5220207,São Miguel do Araguaia - GO,1200.0
5220264,São Miguel do Passa Quatro - GO,1200.0
5220280,São Patrício - GO,1033.33
5220405,São Simão - GO,1025.0
5220454,Senador Canedo - GO,1000.0
5220504,Serranópolis - GO,1100.0
5220603,Silvânia - GO,1150.0
5220686,Simolândia - GO,703.0
5220702,Sítio d'Abadia - GO,909.0
5221007,Taquaral de Goiás - GO,1050.0
5221080,Teresina de Goiás - GO,705.56
5221197,Terezópolis de Goiás - GO,833.71
5221304,Três Ranchos - GO,1212.0
5221403,Trindade - GO,1000.0
5221452,Trombas - GO,830.0
5221502,Turvânia - GO,1026.67
5221551,Turvelândia - GO,975.0
5221577,Uirapuru - GO,906.0
5221601,Uruaçu - GO,1166.67
5221700,Uruana - GO,1141.33
5221809,Urutaí - GO,1200.0
5221858,Valparaíso de Goiás - GO,1033.33
5221908,Varjão - GO,1145.33
5222005,Vianópolis - GO,1200.0
5222054,Vicentinópolis - GO,1053.0
5222203,Vila Boa - GO,700.0
5222302,Vila Propício - GO,909.0
5300108,Brasília - DF,1495.0
